USE consultora;
INSERT INTO Cliente(nombre, cuil_cuit, razon_social, rubro, direccion, antiguedad) VALUES ('Google', 99079748089, 'Exento', 'Desarrollo de Software', '210 Rincón de la Tecnología, Sector Digital',10);
USE consultora;
INSERT INTO Cliente(nombre, cuil_cuit, razon_social, rubro, direccion, antiguedad) VALUES ('Microsoft', 17479885902, 'No Responsable', 'Entretenimiento Digital', '321 Boulevard de la Información, Metrópolis Digital',4);
USE consultora;
INSERT INTO Cliente(nombre, cuil_cuit, razon_social, rubro, direccion, antiguedad) VALUES ('Apple', 88485663680, 'Monotributista', 'Entretenimiento Digital', '543 Pasaje de la Innovación, Barrio Tecnológico',4);
USE consultora;
INSERT INTO Cliente(nombre, cuil_cuit, razon_social, rubro, direccion, antiguedad) VALUES ('Amazon', 90892059772, 'Sujeto No Categorizado', 'Entretenimiento Digital', '789 Calle de la Ciberseguridad, Distrito Electrónico',13);
USE consultora;
INSERT INTO Cliente(nombre, cuil_cuit, razon_social, rubro, direccion, antiguedad) VALUES ('Facebook (Meta)', 73422079668, 'Sujeto Liberado', 'Hardware y Dispositivos', '234 Plaza de las Redes, Villa Virtual',9);
USE consultora;
INSERT INTO Cliente(nombre, cuil_cuit, razon_social, rubro, direccion, antiguedad) VALUES ('IBM', 58374287872, 'Exento', 'Entretenimiento Digital', '567 Ruta del Desarrollo, Barrio Innovador',3);
USE consultora;
INSERT INTO Cliente(nombre, cuil_cuit, razon_social, rubro, direccion, antiguedad) VALUES ('Intel', 27118236988, 'Sujeto No Categorizado', 'Tecnologías de Energía Renovable', '890 Callejuela de la Innovación, Zona Electrónica',11);
USE consultora;
INSERT INTO Cliente(nombre, cuil_cuit, razon_social, rubro, direccion, antiguedad) VALUES ('Cisco', 30431706863, 'Sujeto No Categorizado', 'Diseño Gráfico y Multimedia', '876 Callejón del Futuro, Zona Digital',8);
USE consultora;
INSERT INTO Cliente(nombre, cuil_cuit, razon_social, rubro, direccion, antiguedad) VALUES ('Oracle', 12030440268, 'Sujeto Exento', 'Automatización del Hogar y Dispositivos Conectados', '321 Alameda del Algoritmo, Urbanización Cibernética',9);
USE consultora;
INSERT INTO Cliente(nombre, cuil_cuit, razon_social, rubro, direccion, antiguedad) VALUES ('SAP', 99771219108, 'Sujeto Exento', 'Tecnologías de la Información', '890 Callejuela de la Innovación, Zona Electrónica',1);
USE consultora;
INSERT INTO Cliente(nombre, cuil_cuit, razon_social, rubro, direccion, antiguedad) VALUES ('NVIDIA', 26925170418, 'Agente de Retención', 'Base de Datos y Software Empresarial', '987 Sendero de la Programación, Ciudad Codificada',19);
USE consultora;
INSERT INTO Cliente(nombre, cuil_cuit, razon_social, rubro, direccion, antiguedad) VALUES ('Adobe', 47132091536, 'Responsable No Inscripto', 'Automatización y Consultoría', '876 Avenida de la Automatización, Ciudad Digital',2);
USE consultora;
INSERT INTO Cliente(nombre, cuil_cuit, razon_social, rubro, direccion, antiguedad) VALUES ('Salesforce', 97549328736, 'Consumidor Final', 'Automatización y Consultoría', '654 Camino de la Computación, Urbanización Digital',20);
USE consultora;
INSERT INTO Cliente(nombre, cuil_cuit, razon_social, rubro, direccion, antiguedad) VALUES ('HP (Hewlett-Packard)', 24079853842, 'Sujeto Exento', 'Electrónica Automotriz', '543 Pasaje de la Innovación, Barrio Tecnológico',9);
USE consultora;
INSERT INTO Cliente(nombre, cuil_cuit, razon_social, rubro, direccion, antiguedad) VALUES ('Dell', 77773333735, 'Agente de Retención', 'Servicios de CRM', '987 Sendero de la Programación, Ciudad Codificada',13);
USE consultora;
INSERT INTO Cliente(nombre, cuil_cuit, razon_social, rubro, direccion, antiguedad) VALUES ('Sony', 58129109364, 'Sujeto Exento', 'Servicios de CRM', '543 Pasaje de la Innovación, Barrio Tecnológico',8);
USE consultora;
INSERT INTO Cliente(nombre, cuil_cuit, razon_social, rubro, direccion, antiguedad) VALUES ('Samsung', 17660987151, 'Sujeto No Categorizado', 'Hardware y Dispositivos', '123 Avenida de la Inteligencia Artificial, Ciudad Tecnológica',7);
USE consultora;
INSERT INTO Cliente(nombre, cuil_cuit, razon_social, rubro, direccion, antiguedad) VALUES ('Tesla', 59242807612, 'Responsable Inscripto', 'Almacenamiento de Datos y Servicios', '456 Avenida Tech, Distrito Tecnológico',20);
USE consultora;
INSERT INTO Cliente(nombre, cuil_cuit, razon_social, rubro, direccion, antiguedad) VALUES ('Twitter', 26243658694, 'Otro', 'Motor de Búsqueda', '890 Paseo del Software, Urbanización Tecnológica',2);
USE consultora;
INSERT INTO Cliente(nombre, cuil_cuit, razon_social, rubro, direccion, antiguedad) VALUES ('LinkedIn (Microsoft)', 41583783941, 'Responsable Inscripto', 'Tecnologías de la Información', '210 Pasaje de la Programación, Metrópolis Digital',2);
USE consultora;
INSERT INTO Cliente(nombre, cuil_cuit, razon_social, rubro, direccion, antiguedad) VALUES ('Uber', 68591829672, 'Otro', 'Motor de Búsqueda', '321 Boulevard de la Información, Metrópolis Digital',1);
USE consultora;
INSERT INTO Cliente(nombre, cuil_cuit, razon_social, rubro, direccion, antiguedad) VALUES ('Airbnb', 68849347320, 'Sujeto No Alcanzado', 'Streaming de Contenidos', '321 Alameda del Algoritmo, Urbanización Cibernética',1);
USE consultora;
INSERT INTO Cliente(nombre, cuil_cuit, razon_social, rubro, direccion, antiguedad) VALUES ('Netflix', 84079704708, 'Sujeto Liberado', 'Hardware y Dispositivos', '890 Callejuela de la Innovación, Zona Electrónica',13);
USE consultora;
INSERT INTO Cliente(nombre, cuil_cuit, razon_social, rubro, direccion, antiguedad) VALUES ('Spotify', 92877906835, 'Sujeto Liberado', 'Base de Datos y Software Empresarial', '543 Plaza de los Datos, Área Digital',9);
USE consultora;
INSERT INTO Cliente(nombre, cuil_cuit, razon_social, rubro, direccion, antiguedad) VALUES ('Dropbox', 74894215668, 'Agente de Retención', 'Tecnologías de la Inteligencia Artificial', '876 Plaza del Proyecto, Área Digitalizada',7);
USE consultora;
INSERT INTO Empleado(id_empleado, nombre_apell, dni, antiguedad, estudios) VALUES ('9220fac1-7330-4640-a88b-096607fbd15b', 'Juan Martínez', '37741858', '10', 'Postdoctorado');
USE consultora;
INSERT INTO Empleado(id_empleado, nombre_apell, dni, antiguedad, estudios) VALUES ('bf385a6a-a9aa-49cb-953e-5f659211f6b6', 'Laura Rodríguez', '20167807', '10', 'Educación Básica Completa');
USE consultora;
INSERT INTO Empleado(id_empleado, nombre_apell, dni, antiguedad, estudios) VALUES ('6ea21e69-19dc-42a1-afa6-39644f27f642', 'Carlos Sánchez', '29813624', '2', 'Técnico Superior');
USE consultora;
INSERT INTO Empleado(id_empleado, nombre_apell, dni, antiguedad, estudios) VALUES ('0f19274b-8a76-4f55-902c-350e18dc1c5a', 'Ana Gómez', '10285234', '2', 'Técnico Superior');
USE consultora;
INSERT INTO Empleado(id_empleado, nombre_apell, dni, antiguedad, estudios) VALUES ('f4000952-c6d4-4f2d-8bcf-b43107c0f963', 'Diego Pérez', '17075299', '5', 'Formación Profesional');
USE consultora;
INSERT INTO Empleado(id_empleado, nombre_apell, dni, antiguedad, estudios) VALUES ('0d9f9e59-4273-4b23-9f9d-7b348e6b2a83', 'María González', '28464092', '17', 'Estudios Técnicos');
USE consultora;
INSERT INTO Empleado(id_empleado, nombre_apell, dni, antiguedad, estudios) VALUES ('8ea424d7-4213-41ee-9de0-7cf6162db44e', 'Sergio Díaz', '18976046', '2', 'Técnico Superior');
USE consultora;
INSERT INTO Empleado(id_empleado, nombre_apell, dni, antiguedad, estudios) VALUES ('b25834a7-9b1a-4702-9d89-f10f2396f39e', 'Valeria López', '42433726', '18', 'Educación Básica Incompleta');
USE consultora;
INSERT INTO Empleado(id_empleado, nombre_apell, dni, antiguedad, estudios) VALUES ('790f8037-0a13-4e2d-9298-c22cf07e0ee5', 'Javier Herrera', '13315419', '1', 'Maestría');
USE consultora;
INSERT INTO Empleado(id_empleado, nombre_apell, dni, antiguedad, estudios) VALUES ('7dc04761-5c3e-4c59-9ef1-f8728c3ef5d6', 'Natalia Fernández', '10177956', '3', 'Técnico Superior');
USE consultora;
INSERT INTO Empleado(id_empleado, nombre_apell, dni, antiguedad, estudios) VALUES ('ec2a782a-6d40-4586-84b7-aa2e4c8eddda', 'Alejandro Ramírez', '16425438', '10', 'Doctorado');
USE consultora;
INSERT INTO Empleado(id_empleado, nombre_apell, dni, antiguedad, estudios) VALUES ('4b6b63c1-d74f-4f58-a14e-0039c251355a', 'Isabel Torres', '19942812', '13', 'Cursos y Certificaciones');
USE consultora;
INSERT INTO Empleado(id_empleado, nombre_apell, dni, antiguedad, estudios) VALUES ('410028d3-33a3-433b-b476-b14af2f8f1dc', 'Ricardo Medina', '30737109', '16', 'Maestría');
USE consultora;
INSERT INTO Empleado(id_empleado, nombre_apell, dni, antiguedad, estudios) VALUES ('c73c9f8f-e26e-494b-b4e7-864f7bd17432', 'Camila Ríos', '12973224', '19', 'Maestría');
USE consultora;
INSERT INTO Empleado(id_empleado, nombre_apell, dni, antiguedad, estudios) VALUES ('ea24800a-1146-451d-b899-0aed13fc2e30', 'Luis Vargas', '38775721', '13', 'Bachillerato');
USE consultora;
INSERT INTO Empleado(id_empleado, nombre_apell, dni, antiguedad, estudios) VALUES ('50219e6b-0bff-4f28-9a66-1d99ec9209f6', 'Gabriela Morales', '35097385', '14', 'Licenciatura');
USE consultora;
INSERT INTO Empleado(id_empleado, nombre_apell, dni, antiguedad, estudios) VALUES ('2d3a6d8c-f9b7-4691-bdb1-2b367f28d230', 'Andrés Castro', '40024430', '8', 'Cursos y Certificaciones');
USE consultora;
INSERT INTO Empleado(id_empleado, nombre_apell, dni, antiguedad, estudios) VALUES ('b0c01955-0078-4bdd-830f-d764a4ab7780', 'Daniela Ortega', '10202401', '18', 'Maestría');
USE consultora;
INSERT INTO Empleado(id_empleado, nombre_apell, dni, antiguedad, estudios) VALUES ('32bed4dd-c71e-46bc-9a4f-ca87d5777232', 'Martín Silva', '29296003', '2', 'Bachillerato');
USE consultora;
INSERT INTO Empleado(id_empleado, nombre_apell, dni, antiguedad, estudios) VALUES ('960bef68-3936-4e0d-a612-1d7c1d6ef93d', 'Carmen Jiménez', '23899012', '1', 'Estudios Técnicos');
USE consultora;
INSERT INTO Empleado(id_empleado, nombre_apell, dni, antiguedad, estudios) VALUES ('57e108ec-c5e5-453b-a3ee-9e51f463f8ee', 'Esteban Ruiz', '23253225', '9', 'Doctorado');
USE consultora;
INSERT INTO Empleado(id_empleado, nombre_apell, dni, antiguedad, estudios) VALUES ('c7b22b2d-b433-488c-9b85-65ddf56c56d2', 'Carolina Núñez', '39741923', '15', 'Educación Básica Incompleta');
USE consultora;
INSERT INTO Empleado(id_empleado, nombre_apell, dni, antiguedad, estudios) VALUES ('95044b3b-21ce-4cb0-b087-9a96b1d38bf0', 'Miguel Mendoza', '28261883', '20', 'Técnico Superior');
USE consultora;
INSERT INTO Empleado(id_empleado, nombre_apell, dni, antiguedad, estudios) VALUES ('b18650da-9e7d-4968-aa2d-0ed8de1e0613', 'Adriana Chávez', '27800197', '5', 'Doctorado');
USE consultora;
INSERT INTO empleados_por_equipo(id_empleado, id_equipo) VALUES ('9220fac1-7330-4640-a88b-096607fbd15b', 'f7e975a3-3c3b-4473-92c6-ae1b7045ecaa');
USE consultora;
INSERT INTO empleados_por_equipo(id_empleado, id_equipo) VALUES ('9220fac1-7330-4640-a88b-096607fbd15b', '1b4c3bd9-3e9e-42fb-833a-febc8cb05ab1');
USE consultora;
INSERT INTO empleados_por_equipo(id_empleado, id_equipo) VALUES ('9220fac1-7330-4640-a88b-096607fbd15b', '4eb7b19e-2d5b-4b69-9502-0e6dae0685b7');
USE consultora;
INSERT INTO empleados_por_equipo(id_empleado, id_equipo) VALUES ('bf385a6a-a9aa-49cb-953e-5f659211f6b6', '8a1b4201-e234-43dc-b2c6-92cbdddc34fa');
USE consultora;
INSERT INTO empleados_por_equipo(id_empleado, id_equipo) VALUES ('bf385a6a-a9aa-49cb-953e-5f659211f6b6', '5e57205d-3080-4713-ae4a-07dc3a38f613');
USE consultora;
INSERT INTO empleados_por_equipo(id_empleado, id_equipo) VALUES ('6ea21e69-19dc-42a1-afa6-39644f27f642', '5e57205d-3080-4713-ae4a-07dc3a38f613');
USE consultora;
INSERT INTO empleados_por_equipo(id_empleado, id_equipo) VALUES ('0f19274b-8a76-4f55-902c-350e18dc1c5a', 'd0ec3ed8-5bf1-45ff-b76d-0665af2fc97e');
USE consultora;
INSERT INTO empleados_por_equipo(id_empleado, id_equipo) VALUES ('0f19274b-8a76-4f55-902c-350e18dc1c5a', 'e92450bd-22fb-4b02-97c5-b0364f16b62b');
USE consultora;
INSERT INTO empleados_por_equipo(id_empleado, id_equipo) VALUES ('0f19274b-8a76-4f55-902c-350e18dc1c5a', 'e23c1625-f72c-4162-a663-357433127df3');
USE consultora;
INSERT INTO empleados_por_equipo(id_empleado, id_equipo) VALUES ('f4000952-c6d4-4f2d-8bcf-b43107c0f963', 'd0ec3ed8-5bf1-45ff-b76d-0665af2fc97e');
USE consultora;
INSERT INTO empleados_por_equipo(id_empleado, id_equipo) VALUES ('f4000952-c6d4-4f2d-8bcf-b43107c0f963', 'bc744bcc-6f89-4fcf-9337-04a4e26012ba');
USE consultora;
INSERT INTO empleados_por_equipo(id_empleado, id_equipo) VALUES ('0d9f9e59-4273-4b23-9f9d-7b348e6b2a83', '2127da32-6e9e-443d-8882-26f7aaf8a149');
USE consultora;
INSERT INTO empleados_por_equipo(id_empleado, id_equipo) VALUES ('0d9f9e59-4273-4b23-9f9d-7b348e6b2a83', 'b2f7b15b-1eb8-4788-a5f6-3e00c90764c6');
USE consultora;
INSERT INTO empleados_por_equipo(id_empleado, id_equipo) VALUES ('0d9f9e59-4273-4b23-9f9d-7b348e6b2a83', 'a65c0491-2aa0-41eb-a95c-29c7b4701a14');
USE consultora;
INSERT INTO empleados_por_equipo(id_empleado, id_equipo) VALUES ('8ea424d7-4213-41ee-9de0-7cf6162db44e', 'a65c0491-2aa0-41eb-a95c-29c7b4701a14');
USE consultora;
INSERT INTO empleados_por_equipo(id_empleado, id_equipo) VALUES ('b25834a7-9b1a-4702-9d89-f10f2396f39e', 'e23c1625-f72c-4162-a663-357433127df3');
USE consultora;
INSERT INTO empleados_por_equipo(id_empleado, id_equipo) VALUES ('b25834a7-9b1a-4702-9d89-f10f2396f39e', '4eb7b19e-2d5b-4b69-9502-0e6dae0685b7');
USE consultora;
INSERT INTO empleados_por_equipo(id_empleado, id_equipo) VALUES ('b25834a7-9b1a-4702-9d89-f10f2396f39e', 'bde25be8-26c7-4dbe-8738-d2dbb9038e4b');
USE consultora;
INSERT INTO empleados_por_equipo(id_empleado, id_equipo) VALUES ('790f8037-0a13-4e2d-9298-c22cf07e0ee5', '8a1b4201-e234-43dc-b2c6-92cbdddc34fa');
USE consultora;
INSERT INTO empleados_por_equipo(id_empleado, id_equipo) VALUES ('7dc04761-5c3e-4c59-9ef1-f8728c3ef5d6', 'e23c1625-f72c-4162-a663-357433127df3');
USE consultora;
INSERT INTO empleados_por_equipo(id_empleado, id_equipo) VALUES ('ec2a782a-6d40-4586-84b7-aa2e4c8eddda', 'ff82abb7-dbfc-4c10-b346-04ab0bc5344b');
USE consultora;
INSERT INTO empleados_por_equipo(id_empleado, id_equipo) VALUES ('4b6b63c1-d74f-4f58-a14e-0039c251355a', '5e57205d-3080-4713-ae4a-07dc3a38f613');
USE consultora;
INSERT INTO empleados_por_equipo(id_empleado, id_equipo) VALUES ('4b6b63c1-d74f-4f58-a14e-0039c251355a', '9bad9ed6-36b5-47aa-8084-fe925f59843f');
USE consultora;
INSERT INTO empleados_por_equipo(id_empleado, id_equipo) VALUES ('410028d3-33a3-433b-b476-b14af2f8f1dc', 'bc744bcc-6f89-4fcf-9337-04a4e26012ba');
USE consultora;
INSERT INTO empleados_por_equipo(id_empleado, id_equipo) VALUES ('410028d3-33a3-433b-b476-b14af2f8f1dc', '6c3f01c9-7d68-4428-9fd4-3c45907a827c');
USE consultora;
INSERT INTO empleados_por_equipo(id_empleado, id_equipo) VALUES ('c73c9f8f-e26e-494b-b4e7-864f7bd17432', '1de08db8-0458-471b-bc20-58a3fc38fe9b');
USE consultora;
INSERT INTO empleados_por_equipo(id_empleado, id_equipo) VALUES ('ea24800a-1146-451d-b899-0aed13fc2e30', '9bad9ed6-36b5-47aa-8084-fe925f59843f');
USE consultora;
INSERT INTO empleados_por_equipo(id_empleado, id_equipo) VALUES ('ea24800a-1146-451d-b899-0aed13fc2e30', 'bde25be8-26c7-4dbe-8738-d2dbb9038e4b');
USE consultora;
INSERT INTO empleados_por_equipo(id_empleado, id_equipo) VALUES ('ea24800a-1146-451d-b899-0aed13fc2e30', '4eb7b19e-2d5b-4b69-9502-0e6dae0685b7');
USE consultora;
INSERT INTO empleados_por_equipo(id_empleado, id_equipo) VALUES ('50219e6b-0bff-4f28-9a66-1d99ec9209f6', 'fadf8d3f-af3d-4253-a06e-0365c0fe580d');
USE consultora;
INSERT INTO empleados_por_equipo(id_empleado, id_equipo) VALUES ('2d3a6d8c-f9b7-4691-bdb1-2b367f28d230', '948e6d36-b660-4d3f-8c27-02ca8cacd8e1');
USE consultora;
INSERT INTO empleados_por_equipo(id_empleado, id_equipo) VALUES ('2d3a6d8c-f9b7-4691-bdb1-2b367f28d230', '4eb7b19e-2d5b-4b69-9502-0e6dae0685b7');
USE consultora;
INSERT INTO empleados_por_equipo(id_empleado, id_equipo) VALUES ('b0c01955-0078-4bdd-830f-d764a4ab7780', 'fadf8d3f-af3d-4253-a06e-0365c0fe580d');
USE consultora;
INSERT INTO empleados_por_equipo(id_empleado, id_equipo) VALUES ('b0c01955-0078-4bdd-830f-d764a4ab7780', 'fadf8d3f-af3d-4253-a06e-0365c0fe580d');
USE consultora;
INSERT INTO empleados_por_equipo(id_empleado, id_equipo) VALUES ('b0c01955-0078-4bdd-830f-d764a4ab7780', '6c3f01c9-7d68-4428-9fd4-3c45907a827c');
USE consultora;
INSERT INTO empleados_por_equipo(id_empleado, id_equipo) VALUES ('32bed4dd-c71e-46bc-9a4f-ca87d5777232', '39f84387-f8db-4805-83ad-9be741df9f97');
USE consultora;
INSERT INTO empleados_por_equipo(id_empleado, id_equipo) VALUES ('960bef68-3936-4e0d-a612-1d7c1d6ef93d', 'a65c0491-2aa0-41eb-a95c-29c7b4701a14');
USE consultora;
INSERT INTO empleados_por_equipo(id_empleado, id_equipo) VALUES ('960bef68-3936-4e0d-a612-1d7c1d6ef93d', 'b2f7b15b-1eb8-4788-a5f6-3e00c90764c6');
USE consultora;
INSERT INTO empleados_por_equipo(id_empleado, id_equipo) VALUES ('960bef68-3936-4e0d-a612-1d7c1d6ef93d', 'e92450bd-22fb-4b02-97c5-b0364f16b62b');
USE consultora;
INSERT INTO empleados_por_equipo(id_empleado, id_equipo) VALUES ('57e108ec-c5e5-453b-a3ee-9e51f463f8ee', '9e1f16ae-8fbb-4166-9286-6ff2a86192ec');
USE consultora;
INSERT INTO empleados_por_equipo(id_empleado, id_equipo) VALUES ('57e108ec-c5e5-453b-a3ee-9e51f463f8ee', 'b9c54d56-4e1b-4f48-8a98-10f8b16a5b29');
USE consultora;
INSERT INTO empleados_por_equipo(id_empleado, id_equipo) VALUES ('57e108ec-c5e5-453b-a3ee-9e51f463f8ee', '84503d48-cb0c-4df3-9f76-70f5876604ae');
USE consultora;
INSERT INTO empleados_por_equipo(id_empleado, id_equipo) VALUES ('c7b22b2d-b433-488c-9b85-65ddf56c56d2', 'b9c54d56-4e1b-4f48-8a98-10f8b16a5b29');
USE consultora;
INSERT INTO empleados_por_equipo(id_empleado, id_equipo) VALUES ('c7b22b2d-b433-488c-9b85-65ddf56c56d2', 'e92450bd-22fb-4b02-97c5-b0364f16b62b');
USE consultora;
INSERT INTO empleados_por_equipo(id_empleado, id_equipo) VALUES ('c7b22b2d-b433-488c-9b85-65ddf56c56d2', '948e6d36-b660-4d3f-8c27-02ca8cacd8e1');
USE consultora;
INSERT INTO empleados_por_equipo(id_empleado, id_equipo) VALUES ('95044b3b-21ce-4cb0-b087-9a96b1d38bf0', 'b2f7b15b-1eb8-4788-a5f6-3e00c90764c6');
USE consultora;
INSERT INTO empleados_por_equipo(id_empleado, id_equipo) VALUES ('95044b3b-21ce-4cb0-b087-9a96b1d38bf0', 'fadf8d3f-af3d-4253-a06e-0365c0fe580d');
USE consultora;
INSERT INTO empleados_por_equipo(id_empleado, id_equipo) VALUES ('95044b3b-21ce-4cb0-b087-9a96b1d38bf0', 'bc744bcc-6f89-4fcf-9337-04a4e26012ba');
USE consultora;
INSERT INTO empleados_por_equipo(id_empleado, id_equipo) VALUES ('b18650da-9e7d-4968-aa2d-0ed8de1e0613', '5f543b3d-0c5b-497a-b54c-5f6a265fa211');
USE consultora;
INSERT INTO empleados_por_equipo(id_empleado, id_equipo) VALUES ('b18650da-9e7d-4968-aa2d-0ed8de1e0613', 'e92450bd-22fb-4b02-97c5-b0364f16b62b');
USE consultora;
INSERT INTO empleados_por_equipo(id_empleado, id_equipo) VALUES ('b18650da-9e7d-4968-aa2d-0ed8de1e0613', '9e1f16ae-8fbb-4166-9286-6ff2a86192ec');
USE consultora;
INSERT INTO Equipo(id_equipo, n_integrantes, nombre, area) VALUES ('84503d48-cb0c-4df3-9f76-70f5876604ae', '4', 'Equipo Innovación Tech', 'Consultoría en Educación y Formación');
USE consultora;
INSERT INTO Equipo(id_equipo, n_integrantes, nombre, area) VALUES ('b9c54d56-4e1b-4f48-8a98-10f8b16a5b29', '7', 'CyberElite', 'Ingeniería de Datos');
USE consultora;
INSERT INTO Equipo(id_equipo, n_integrantes, nombre, area) VALUES ('a65c0491-2aa0-41eb-a95c-29c7b4701a14', '4', 'DreamTeam Coders', 'Desarrollo Organizacional');
USE consultora;
INSERT INTO Equipo(id_equipo, n_integrantes, nombre, area) VALUES ('d0ec3ed8-5bf1-45ff-b76d-0665af2fc97e', '7', 'Quantum Squad', 'Estrategias de Negocios Internacionales');
USE consultora;
INSERT INTO Equipo(id_equipo, n_integrantes, nombre, area) VALUES ('948e6d36-b660-4d3f-8c27-02ca8cacd8e1', '4', 'Data Mavericks', 'Gestión de Proyectos');
USE consultora;
INSERT INTO Equipo(id_equipo, n_integrantes, nombre, area) VALUES ('1de08db8-0458-471b-bc20-58a3fc38fe9b', '5', 'Tech Explorers', 'Ciberseguridad');
USE consultora;
INSERT INTO Equipo(id_equipo, n_integrantes, nombre, area) VALUES ('1b4c3bd9-3e9e-42fb-833a-febc8cb05ab1', '8', 'Code Wizards', 'Gestión de Proyectos');
USE consultora;
INSERT INTO Equipo(id_equipo, n_integrantes, nombre, area) VALUES ('5e57205d-3080-4713-ae4a-07dc3a38f613', '8', 'Ingeniería del Futuro', 'Consultoría en Salud y Bienestar Laboral');
USE consultora;
INSERT INTO Equipo(id_equipo, n_integrantes, nombre, area) VALUES ('f7e975a3-3c3b-4473-92c6-ae1b7045ecaa', '10', 'Digital Pioneers', 'Consultoría Legal y Regulatoria');
USE consultora;
INSERT INTO Equipo(id_equipo, n_integrantes, nombre, area) VALUES ('ff82abb7-dbfc-4c10-b346-04ab0bc5344b', '10', 'Tech Titans', 'Gestión del Cambio');
USE consultora;
INSERT INTO Equipo(id_equipo, n_integrantes, nombre, area) VALUES ('e23c1625-f72c-4162-a663-357433127df3', '7', 'Byte Benders', 'Marketing Digital');
USE consultora;
INSERT INTO Equipo(id_equipo, n_integrantes, nombre, area) VALUES ('5f543b3d-0c5b-497a-b54c-5f6a265fa211', '10', 'Data Dynamos', 'Gestión de Proyectos');
USE consultora;
INSERT INTO Equipo(id_equipo, n_integrantes, nombre, area) VALUES ('e92450bd-22fb-4b02-97c5-b0364f16b62b', '8', 'InnoVision Team', 'Gestión de Proyectos');
USE consultora;
INSERT INTO Equipo(id_equipo, n_integrantes, nombre, area) VALUES ('6c3f01c9-7d68-4428-9fd4-3c45907a827c', '4', 'CodeCrafters', 'Recursos Humanos');
USE consultora;
INSERT INTO Equipo(id_equipo, n_integrantes, nombre, area) VALUES ('bc744bcc-6f89-4fcf-9337-04a4e26012ba', '4', 'NubeXplorers', 'Analítica y Ciencia de Datos');
USE consultora;
INSERT INTO Equipo(id_equipo, n_integrantes, nombre, area) VALUES ('4eb7b19e-2d5b-4b69-9502-0e6dae0685b7', '4', 'AI Avengers', 'Gestión del Cambio');
USE consultora;
INSERT INTO Equipo(id_equipo, n_integrantes, nombre, area) VALUES ('9e1f16ae-8fbb-4166-9286-6ff2a86192ec', '8', 'Robotics R&D Crew', 'Optimización de Procesos');
USE consultora;
INSERT INTO Equipo(id_equipo, n_integrantes, nombre, area) VALUES ('39f84387-f8db-4805-83ad-9be741df9f97', '5', 'Tech Fusion', 'Consultoría Estratégica');
USE consultora;
INSERT INTO Equipo(id_equipo, n_integrantes, nombre, area) VALUES ('bde25be8-26c7-4dbe-8738-d2dbb9038e4b', '9', 'EcoInnovators', 'Ciberseguridad');
USE consultora;
INSERT INTO Equipo(id_equipo, n_integrantes, nombre, area) VALUES ('9bad9ed6-36b5-47aa-8084-fe925f59843f', '4', 'CyberGuardians', 'Optimización de Procesos');
USE consultora;
INSERT INTO Equipo(id_equipo, n_integrantes, nombre, area) VALUES ('fadf8d3f-af3d-4253-a06e-0365c0fe580d', '7', 'Smart Creators', 'Gestión de Proyectos');
USE consultora;
INSERT INTO Equipo(id_equipo, n_integrantes, nombre, area) VALUES ('07e9819e-1a39-48cf-860a-2db6421a8edd', '7', 'Infinite Loopers', 'Consultoría en Salud y Bienestar Laboral');
USE consultora;
INSERT INTO Equipo(id_equipo, n_integrantes, nombre, area) VALUES ('b2f7b15b-1eb8-4788-a5f6-3e00c90764c6', '5', 'TechNinjas', 'Ingeniería de Datos');
USE consultora;
INSERT INTO Equipo(id_equipo, n_integrantes, nombre, area) VALUES ('2127da32-6e9e-443d-8882-26f7aaf8a149', '6', 'Quantum Quotients', 'Analítica y Ciencia de Datos');
USE consultora;
INSERT INTO Equipo(id_equipo, n_integrantes, nombre, area) VALUES ('8a1b4201-e234-43dc-b2c6-92cbdddc34fa', '8', 'CodeStorm Team', 'Estrategias de Negocios Internacionales');
USE consultora;
INSERT INTO Cliente(nombre, cuil_cuit, razon_social, rubro, direccion, antiguedad) VALUES ('Google', 99079748089, 'Exento', 'Desarrollo de Software', '210 Rincón de la Tecnología, Sector Digital',10);
USE consultora;
INSERT INTO Cliente(nombre, cuil_cuit, razon_social, rubro, direccion, antiguedad) VALUES ('Microsoft', 17479885902, 'No Responsable', 'Entretenimiento Digital', '321 Boulevard de la Información, Metrópolis Digital',4);
USE consultora;
INSERT INTO Cliente(nombre, cuil_cuit, razon_social, rubro, direccion, antiguedad) VALUES ('Apple', 88485663680, 'Monotributista', 'Entretenimiento Digital', '543 Pasaje de la Innovación, Barrio Tecnológico',4);
USE consultora;
INSERT INTO Cliente(nombre, cuil_cuit, razon_social, rubro, direccion, antiguedad) VALUES ('Amazon', 90892059772, 'Sujeto No Categorizado', 'Entretenimiento Digital', '789 Calle de la Ciberseguridad, Distrito Electrónico',13);
USE consultora;
INSERT INTO Cliente(nombre, cuil_cuit, razon_social, rubro, direccion, antiguedad) VALUES ('Facebook (Meta)', 73422079668, 'Sujeto Liberado', 'Hardware y Dispositivos', '234 Plaza de las Redes, Villa Virtual',9);
USE consultora;
INSERT INTO Cliente(nombre, cuil_cuit, razon_social, rubro, direccion, antiguedad) VALUES ('IBM', 58374287872, 'Exento', 'Entretenimiento Digital', '567 Ruta del Desarrollo, Barrio Innovador',3);
USE consultora;
INSERT INTO Cliente(nombre, cuil_cuit, razon_social, rubro, direccion, antiguedad) VALUES ('Intel', 27118236988, 'Sujeto No Categorizado', 'Tecnologías de Energía Renovable', '890 Callejuela de la Innovación, Zona Electrónica',11);
USE consultora;
INSERT INTO Cliente(nombre, cuil_cuit, razon_social, rubro, direccion, antiguedad) VALUES ('Cisco', 30431706863, 'Sujeto No Categorizado', 'Diseño Gráfico y Multimedia', '876 Callejón del Futuro, Zona Digital',8);
USE consultora;
INSERT INTO Cliente(nombre, cuil_cuit, razon_social, rubro, direccion, antiguedad) VALUES ('Oracle', 12030440268, 'Sujeto Exento', 'Automatización del Hogar y Dispositivos Conectados', '321 Alameda del Algoritmo, Urbanización Cibernética',9);
USE consultora;
INSERT INTO Cliente(nombre, cuil_cuit, razon_social, rubro, direccion, antiguedad) VALUES ('SAP', 99771219108, 'Sujeto Exento', 'Tecnologías de la Información', '890 Callejuela de la Innovación, Zona Electrónica',1);
USE consultora;
INSERT INTO Cliente(nombre, cuil_cuit, razon_social, rubro, direccion, antiguedad) VALUES ('NVIDIA', 26925170418, 'Agente de Retención', 'Base de Datos y Software Empresarial', '987 Sendero de la Programación, Ciudad Codificada',19);
USE consultora;
INSERT INTO Cliente(nombre, cuil_cuit, razon_social, rubro, direccion, antiguedad) VALUES ('Adobe', 47132091536, 'Responsable No Inscripto', 'Automatización y Consultoría', '876 Avenida de la Automatización, Ciudad Digital',2);
USE consultora;
INSERT INTO Cliente(nombre, cuil_cuit, razon_social, rubro, direccion, antiguedad) VALUES ('Salesforce', 97549328736, 'Consumidor Final', 'Automatización y Consultoría', '654 Camino de la Computación, Urbanización Digital',20);
USE consultora;
INSERT INTO Cliente(nombre, cuil_cuit, razon_social, rubro, direccion, antiguedad) VALUES ('HP (Hewlett-Packard)', 24079853842, 'Sujeto Exento', 'Electrónica Automotriz', '543 Pasaje de la Innovación, Barrio Tecnológico',9);
USE consultora;
INSERT INTO Cliente(nombre, cuil_cuit, razon_social, rubro, direccion, antiguedad) VALUES ('Dell', 77773333735, 'Agente de Retención', 'Servicios de CRM', '987 Sendero de la Programación, Ciudad Codificada',13);
USE consultora;
INSERT INTO Cliente(nombre, cuil_cuit, razon_social, rubro, direccion, antiguedad) VALUES ('Sony', 58129109364, 'Sujeto Exento', 'Servicios de CRM', '543 Pasaje de la Innovación, Barrio Tecnológico',8);
USE consultora;
INSERT INTO Cliente(nombre, cuil_cuit, razon_social, rubro, direccion, antiguedad) VALUES ('Samsung', 17660987151, 'Sujeto No Categorizado', 'Hardware y Dispositivos', '123 Avenida de la Inteligencia Artificial, Ciudad Tecnológica',7);
USE consultora;
INSERT INTO Cliente(nombre, cuil_cuit, razon_social, rubro, direccion, antiguedad) VALUES ('Tesla', 59242807612, 'Responsable Inscripto', 'Almacenamiento de Datos y Servicios', '456 Avenida Tech, Distrito Tecnológico',20);
USE consultora;
INSERT INTO Cliente(nombre, cuil_cuit, razon_social, rubro, direccion, antiguedad) VALUES ('Twitter', 26243658694, 'Otro', 'Motor de Búsqueda', '890 Paseo del Software, Urbanización Tecnológica',2);
USE consultora;
INSERT INTO Cliente(nombre, cuil_cuit, razon_social, rubro, direccion, antiguedad) VALUES ('LinkedIn (Microsoft)', 41583783941, 'Responsable Inscripto', 'Tecnologías de la Información', '210 Pasaje de la Programación, Metrópolis Digital',2);
USE consultora;
INSERT INTO Cliente(nombre, cuil_cuit, razon_social, rubro, direccion, antiguedad) VALUES ('Uber', 68591829672, 'Otro', 'Motor de Búsqueda', '321 Boulevard de la Información, Metrópolis Digital',1);
USE consultora;
INSERT INTO Cliente(nombre, cuil_cuit, razon_social, rubro, direccion, antiguedad) VALUES ('Airbnb', 68849347320, 'Sujeto No Alcanzado', 'Streaming de Contenidos', '321 Alameda del Algoritmo, Urbanización Cibernética',1);
USE consultora;
INSERT INTO Cliente(nombre, cuil_cuit, razon_social, rubro, direccion, antiguedad) VALUES ('Netflix', 84079704708, 'Sujeto Liberado', 'Hardware y Dispositivos', '890 Callejuela de la Innovación, Zona Electrónica',13);
USE consultora;
INSERT INTO Cliente(nombre, cuil_cuit, razon_social, rubro, direccion, antiguedad) VALUES ('Spotify', 92877906835, 'Sujeto Liberado', 'Base de Datos y Software Empresarial', '543 Plaza de los Datos, Área Digital',9);
USE consultora;
INSERT INTO Cliente(nombre, cuil_cuit, razon_social, rubro, direccion, antiguedad) VALUES ('Dropbox', 74894215668, 'Agente de Retención', 'Tecnologías de la Inteligencia Artificial', '876 Plaza del Proyecto, Área Digitalizada',7);
USE consultora;
INSERT INTO Empleado(id_empleado, nombre_apell, dni, antiguedad, estudios) VALUES ('9220fac1-7330-4640-a88b-096607fbd15b', 'Juan Martínez', '37741858', '10', 'Postdoctorado');
USE consultora;
INSERT INTO Empleado(id_empleado, nombre_apell, dni, antiguedad, estudios) VALUES ('bf385a6a-a9aa-49cb-953e-5f659211f6b6', 'Laura Rodríguez', '20167807', '10', 'Educación Básica Completa');
USE consultora;
INSERT INTO Empleado(id_empleado, nombre_apell, dni, antiguedad, estudios) VALUES ('6ea21e69-19dc-42a1-afa6-39644f27f642', 'Carlos Sánchez', '29813624', '2', 'Técnico Superior');
USE consultora;
INSERT INTO Empleado(id_empleado, nombre_apell, dni, antiguedad, estudios) VALUES ('0f19274b-8a76-4f55-902c-350e18dc1c5a', 'Ana Gómez', '10285234', '2', 'Técnico Superior');
USE consultora;
INSERT INTO Empleado(id_empleado, nombre_apell, dni, antiguedad, estudios) VALUES ('f4000952-c6d4-4f2d-8bcf-b43107c0f963', 'Diego Pérez', '17075299', '5', 'Formación Profesional');
USE consultora;
INSERT INTO Empleado(id_empleado, nombre_apell, dni, antiguedad, estudios) VALUES ('0d9f9e59-4273-4b23-9f9d-7b348e6b2a83', 'María González', '28464092', '17', 'Estudios Técnicos');
USE consultora;
INSERT INTO Empleado(id_empleado, nombre_apell, dni, antiguedad, estudios) VALUES ('8ea424d7-4213-41ee-9de0-7cf6162db44e', 'Sergio Díaz', '18976046', '2', 'Técnico Superior');
USE consultora;
INSERT INTO Empleado(id_empleado, nombre_apell, dni, antiguedad, estudios) VALUES ('b25834a7-9b1a-4702-9d89-f10f2396f39e', 'Valeria López', '42433726', '18', 'Educación Básica Incompleta');
USE consultora;
INSERT INTO Empleado(id_empleado, nombre_apell, dni, antiguedad, estudios) VALUES ('790f8037-0a13-4e2d-9298-c22cf07e0ee5', 'Javier Herrera', '13315419', '1', 'Maestría');
USE consultora;
INSERT INTO Empleado(id_empleado, nombre_apell, dni, antiguedad, estudios) VALUES ('7dc04761-5c3e-4c59-9ef1-f8728c3ef5d6', 'Natalia Fernández', '10177956', '3', 'Técnico Superior');
USE consultora;
INSERT INTO Empleado(id_empleado, nombre_apell, dni, antiguedad, estudios) VALUES ('ec2a782a-6d40-4586-84b7-aa2e4c8eddda', 'Alejandro Ramírez', '16425438', '10', 'Doctorado');
USE consultora;
INSERT INTO Empleado(id_empleado, nombre_apell, dni, antiguedad, estudios) VALUES ('4b6b63c1-d74f-4f58-a14e-0039c251355a', 'Isabel Torres', '19942812', '13', 'Cursos y Certificaciones');
USE consultora;
INSERT INTO Empleado(id_empleado, nombre_apell, dni, antiguedad, estudios) VALUES ('410028d3-33a3-433b-b476-b14af2f8f1dc', 'Ricardo Medina', '30737109', '16', 'Maestría');
USE consultora;
INSERT INTO Empleado(id_empleado, nombre_apell, dni, antiguedad, estudios) VALUES ('c73c9f8f-e26e-494b-b4e7-864f7bd17432', 'Camila Ríos', '12973224', '19', 'Maestría');
USE consultora;
INSERT INTO Empleado(id_empleado, nombre_apell, dni, antiguedad, estudios) VALUES ('ea24800a-1146-451d-b899-0aed13fc2e30', 'Luis Vargas', '38775721', '13', 'Bachillerato');
USE consultora;
INSERT INTO Empleado(id_empleado, nombre_apell, dni, antiguedad, estudios) VALUES ('50219e6b-0bff-4f28-9a66-1d99ec9209f6', 'Gabriela Morales', '35097385', '14', 'Licenciatura');
USE consultora;
INSERT INTO Empleado(id_empleado, nombre_apell, dni, antiguedad, estudios) VALUES ('2d3a6d8c-f9b7-4691-bdb1-2b367f28d230', 'Andrés Castro', '40024430', '8', 'Cursos y Certificaciones');
USE consultora;
INSERT INTO Empleado(id_empleado, nombre_apell, dni, antiguedad, estudios) VALUES ('b0c01955-0078-4bdd-830f-d764a4ab7780', 'Daniela Ortega', '10202401', '18', 'Maestría');
USE consultora;
INSERT INTO Empleado(id_empleado, nombre_apell, dni, antiguedad, estudios) VALUES ('32bed4dd-c71e-46bc-9a4f-ca87d5777232', 'Martín Silva', '29296003', '2', 'Bachillerato');
USE consultora;
INSERT INTO Empleado(id_empleado, nombre_apell, dni, antiguedad, estudios) VALUES ('960bef68-3936-4e0d-a612-1d7c1d6ef93d', 'Carmen Jiménez', '23899012', '1', 'Estudios Técnicos');
USE consultora;
INSERT INTO Empleado(id_empleado, nombre_apell, dni, antiguedad, estudios) VALUES ('57e108ec-c5e5-453b-a3ee-9e51f463f8ee', 'Esteban Ruiz', '23253225', '9', 'Doctorado');
USE consultora;
INSERT INTO Empleado(id_empleado, nombre_apell, dni, antiguedad, estudios) VALUES ('c7b22b2d-b433-488c-9b85-65ddf56c56d2', 'Carolina Núñez', '39741923', '15', 'Educación Básica Incompleta');
USE consultora;
INSERT INTO Empleado(id_empleado, nombre_apell, dni, antiguedad, estudios) VALUES ('95044b3b-21ce-4cb0-b087-9a96b1d38bf0', 'Miguel Mendoza', '28261883', '20', 'Técnico Superior');
USE consultora;
INSERT INTO Empleado(id_empleado, nombre_apell, dni, antiguedad, estudios) VALUES ('b18650da-9e7d-4968-aa2d-0ed8de1e0613', 'Adriana Chávez', '27800197', '5', 'Doctorado');
USE consultora;
INSERT INTO empleados_por_equipo(id_empleado, id_equipo) VALUES ('9220fac1-7330-4640-a88b-096607fbd15b', 'f7e975a3-3c3b-4473-92c6-ae1b7045ecaa');
USE consultora;
INSERT INTO empleados_por_equipo(id_empleado, id_equipo) VALUES ('9220fac1-7330-4640-a88b-096607fbd15b', '1b4c3bd9-3e9e-42fb-833a-febc8cb05ab1');
USE consultora;
INSERT INTO empleados_por_equipo(id_empleado, id_equipo) VALUES ('9220fac1-7330-4640-a88b-096607fbd15b', '4eb7b19e-2d5b-4b69-9502-0e6dae0685b7');
USE consultora;
INSERT INTO empleados_por_equipo(id_empleado, id_equipo) VALUES ('bf385a6a-a9aa-49cb-953e-5f659211f6b6', '8a1b4201-e234-43dc-b2c6-92cbdddc34fa');
USE consultora;
INSERT INTO empleados_por_equipo(id_empleado, id_equipo) VALUES ('bf385a6a-a9aa-49cb-953e-5f659211f6b6', '5e57205d-3080-4713-ae4a-07dc3a38f613');
USE consultora;
INSERT INTO empleados_por_equipo(id_empleado, id_equipo) VALUES ('6ea21e69-19dc-42a1-afa6-39644f27f642', '5e57205d-3080-4713-ae4a-07dc3a38f613');
USE consultora;
INSERT INTO empleados_por_equipo(id_empleado, id_equipo) VALUES ('0f19274b-8a76-4f55-902c-350e18dc1c5a', 'd0ec3ed8-5bf1-45ff-b76d-0665af2fc97e');
USE consultora;
INSERT INTO empleados_por_equipo(id_empleado, id_equipo) VALUES ('0f19274b-8a76-4f55-902c-350e18dc1c5a', 'e92450bd-22fb-4b02-97c5-b0364f16b62b');
USE consultora;
INSERT INTO empleados_por_equipo(id_empleado, id_equipo) VALUES ('0f19274b-8a76-4f55-902c-350e18dc1c5a', 'e23c1625-f72c-4162-a663-357433127df3');
USE consultora;
INSERT INTO empleados_por_equipo(id_empleado, id_equipo) VALUES ('f4000952-c6d4-4f2d-8bcf-b43107c0f963', 'd0ec3ed8-5bf1-45ff-b76d-0665af2fc97e');
USE consultora;
INSERT INTO empleados_por_equipo(id_empleado, id_equipo) VALUES ('f4000952-c6d4-4f2d-8bcf-b43107c0f963', 'bc744bcc-6f89-4fcf-9337-04a4e26012ba');
USE consultora;
INSERT INTO empleados_por_equipo(id_empleado, id_equipo) VALUES ('0d9f9e59-4273-4b23-9f9d-7b348e6b2a83', '2127da32-6e9e-443d-8882-26f7aaf8a149');
USE consultora;
INSERT INTO empleados_por_equipo(id_empleado, id_equipo) VALUES ('0d9f9e59-4273-4b23-9f9d-7b348e6b2a83', 'b2f7b15b-1eb8-4788-a5f6-3e00c90764c6');
USE consultora;
INSERT INTO empleados_por_equipo(id_empleado, id_equipo) VALUES ('0d9f9e59-4273-4b23-9f9d-7b348e6b2a83', 'a65c0491-2aa0-41eb-a95c-29c7b4701a14');
USE consultora;
INSERT INTO empleados_por_equipo(id_empleado, id_equipo) VALUES ('8ea424d7-4213-41ee-9de0-7cf6162db44e', 'a65c0491-2aa0-41eb-a95c-29c7b4701a14');
USE consultora;
INSERT INTO empleados_por_equipo(id_empleado, id_equipo) VALUES ('b25834a7-9b1a-4702-9d89-f10f2396f39e', 'e23c1625-f72c-4162-a663-357433127df3');
USE consultora;
INSERT INTO empleados_por_equipo(id_empleado, id_equipo) VALUES ('b25834a7-9b1a-4702-9d89-f10f2396f39e', '4eb7b19e-2d5b-4b69-9502-0e6dae0685b7');
USE consultora;
INSERT INTO empleados_por_equipo(id_empleado, id_equipo) VALUES ('b25834a7-9b1a-4702-9d89-f10f2396f39e', 'bde25be8-26c7-4dbe-8738-d2dbb9038e4b');
USE consultora;
INSERT INTO empleados_por_equipo(id_empleado, id_equipo) VALUES ('790f8037-0a13-4e2d-9298-c22cf07e0ee5', '8a1b4201-e234-43dc-b2c6-92cbdddc34fa');
USE consultora;
INSERT INTO empleados_por_equipo(id_empleado, id_equipo) VALUES ('7dc04761-5c3e-4c59-9ef1-f8728c3ef5d6', 'e23c1625-f72c-4162-a663-357433127df3');
USE consultora;
INSERT INTO empleados_por_equipo(id_empleado, id_equipo) VALUES ('ec2a782a-6d40-4586-84b7-aa2e4c8eddda', 'ff82abb7-dbfc-4c10-b346-04ab0bc5344b');
USE consultora;
INSERT INTO empleados_por_equipo(id_empleado, id_equipo) VALUES ('4b6b63c1-d74f-4f58-a14e-0039c251355a', '5e57205d-3080-4713-ae4a-07dc3a38f613');
USE consultora;
INSERT INTO empleados_por_equipo(id_empleado, id_equipo) VALUES ('4b6b63c1-d74f-4f58-a14e-0039c251355a', '9bad9ed6-36b5-47aa-8084-fe925f59843f');
USE consultora;
INSERT INTO empleados_por_equipo(id_empleado, id_equipo) VALUES ('410028d3-33a3-433b-b476-b14af2f8f1dc', 'bc744bcc-6f89-4fcf-9337-04a4e26012ba');
USE consultora;
INSERT INTO empleados_por_equipo(id_empleado, id_equipo) VALUES ('410028d3-33a3-433b-b476-b14af2f8f1dc', '6c3f01c9-7d68-4428-9fd4-3c45907a827c');
USE consultora;
INSERT INTO empleados_por_equipo(id_empleado, id_equipo) VALUES ('c73c9f8f-e26e-494b-b4e7-864f7bd17432', '1de08db8-0458-471b-bc20-58a3fc38fe9b');
USE consultora;
INSERT INTO empleados_por_equipo(id_empleado, id_equipo) VALUES ('ea24800a-1146-451d-b899-0aed13fc2e30', '9bad9ed6-36b5-47aa-8084-fe925f59843f');
USE consultora;
INSERT INTO empleados_por_equipo(id_empleado, id_equipo) VALUES ('ea24800a-1146-451d-b899-0aed13fc2e30', 'bde25be8-26c7-4dbe-8738-d2dbb9038e4b');
USE consultora;
INSERT INTO empleados_por_equipo(id_empleado, id_equipo) VALUES ('ea24800a-1146-451d-b899-0aed13fc2e30', '4eb7b19e-2d5b-4b69-9502-0e6dae0685b7');
USE consultora;
INSERT INTO empleados_por_equipo(id_empleado, id_equipo) VALUES ('50219e6b-0bff-4f28-9a66-1d99ec9209f6', 'fadf8d3f-af3d-4253-a06e-0365c0fe580d');
USE consultora;
INSERT INTO empleados_por_equipo(id_empleado, id_equipo) VALUES ('2d3a6d8c-f9b7-4691-bdb1-2b367f28d230', '948e6d36-b660-4d3f-8c27-02ca8cacd8e1');
USE consultora;
INSERT INTO empleados_por_equipo(id_empleado, id_equipo) VALUES ('2d3a6d8c-f9b7-4691-bdb1-2b367f28d230', '4eb7b19e-2d5b-4b69-9502-0e6dae0685b7');
USE consultora;
INSERT INTO empleados_por_equipo(id_empleado, id_equipo) VALUES ('b0c01955-0078-4bdd-830f-d764a4ab7780', 'fadf8d3f-af3d-4253-a06e-0365c0fe580d');
USE consultora;
INSERT INTO empleados_por_equipo(id_empleado, id_equipo) VALUES ('b0c01955-0078-4bdd-830f-d764a4ab7780', 'fadf8d3f-af3d-4253-a06e-0365c0fe580d');
USE consultora;
INSERT INTO empleados_por_equipo(id_empleado, id_equipo) VALUES ('b0c01955-0078-4bdd-830f-d764a4ab7780', '6c3f01c9-7d68-4428-9fd4-3c45907a827c');
USE consultora;
INSERT INTO empleados_por_equipo(id_empleado, id_equipo) VALUES ('32bed4dd-c71e-46bc-9a4f-ca87d5777232', '39f84387-f8db-4805-83ad-9be741df9f97');
USE consultora;
INSERT INTO empleados_por_equipo(id_empleado, id_equipo) VALUES ('960bef68-3936-4e0d-a612-1d7c1d6ef93d', 'a65c0491-2aa0-41eb-a95c-29c7b4701a14');
USE consultora;
INSERT INTO empleados_por_equipo(id_empleado, id_equipo) VALUES ('960bef68-3936-4e0d-a612-1d7c1d6ef93d', 'b2f7b15b-1eb8-4788-a5f6-3e00c90764c6');
USE consultora;
INSERT INTO empleados_por_equipo(id_empleado, id_equipo) VALUES ('960bef68-3936-4e0d-a612-1d7c1d6ef93d', 'e92450bd-22fb-4b02-97c5-b0364f16b62b');
USE consultora;
INSERT INTO empleados_por_equipo(id_empleado, id_equipo) VALUES ('57e108ec-c5e5-453b-a3ee-9e51f463f8ee', '9e1f16ae-8fbb-4166-9286-6ff2a86192ec');
USE consultora;
INSERT INTO empleados_por_equipo(id_empleado, id_equipo) VALUES ('57e108ec-c5e5-453b-a3ee-9e51f463f8ee', 'b9c54d56-4e1b-4f48-8a98-10f8b16a5b29');
USE consultora;
INSERT INTO empleados_por_equipo(id_empleado, id_equipo) VALUES ('57e108ec-c5e5-453b-a3ee-9e51f463f8ee', '84503d48-cb0c-4df3-9f76-70f5876604ae');
USE consultora;
INSERT INTO empleados_por_equipo(id_empleado, id_equipo) VALUES ('c7b22b2d-b433-488c-9b85-65ddf56c56d2', 'b9c54d56-4e1b-4f48-8a98-10f8b16a5b29');
USE consultora;
INSERT INTO empleados_por_equipo(id_empleado, id_equipo) VALUES ('c7b22b2d-b433-488c-9b85-65ddf56c56d2', 'e92450bd-22fb-4b02-97c5-b0364f16b62b');
USE consultora;
INSERT INTO empleados_por_equipo(id_empleado, id_equipo) VALUES ('c7b22b2d-b433-488c-9b85-65ddf56c56d2', '948e6d36-b660-4d3f-8c27-02ca8cacd8e1');
USE consultora;
INSERT INTO empleados_por_equipo(id_empleado, id_equipo) VALUES ('95044b3b-21ce-4cb0-b087-9a96b1d38bf0', 'b2f7b15b-1eb8-4788-a5f6-3e00c90764c6');
USE consultora;
INSERT INTO empleados_por_equipo(id_empleado, id_equipo) VALUES ('95044b3b-21ce-4cb0-b087-9a96b1d38bf0', 'fadf8d3f-af3d-4253-a06e-0365c0fe580d');
USE consultora;
INSERT INTO empleados_por_equipo(id_empleado, id_equipo) VALUES ('95044b3b-21ce-4cb0-b087-9a96b1d38bf0', 'bc744bcc-6f89-4fcf-9337-04a4e26012ba');
USE consultora;
INSERT INTO empleados_por_equipo(id_empleado, id_equipo) VALUES ('b18650da-9e7d-4968-aa2d-0ed8de1e0613', '5f543b3d-0c5b-497a-b54c-5f6a265fa211');
USE consultora;
INSERT INTO empleados_por_equipo(id_empleado, id_equipo) VALUES ('b18650da-9e7d-4968-aa2d-0ed8de1e0613', 'e92450bd-22fb-4b02-97c5-b0364f16b62b');
USE consultora;
INSERT INTO empleados_por_equipo(id_empleado, id_equipo) VALUES ('b18650da-9e7d-4968-aa2d-0ed8de1e0613', '9e1f16ae-8fbb-4166-9286-6ff2a86192ec');
USE consultora;
INSERT INTO Equipo(id_equipo, n_integrantes, nombre, area) VALUES ('84503d48-cb0c-4df3-9f76-70f5876604ae', '4', 'Equipo Innovación Tech', 'Consultoría en Educación y Formación');
USE consultora;
INSERT INTO Equipo(id_equipo, n_integrantes, nombre, area) VALUES ('b9c54d56-4e1b-4f48-8a98-10f8b16a5b29', '7', 'CyberElite', 'Ingeniería de Datos');
USE consultora;
INSERT INTO Equipo(id_equipo, n_integrantes, nombre, area) VALUES ('a65c0491-2aa0-41eb-a95c-29c7b4701a14', '4', 'DreamTeam Coders', 'Desarrollo Organizacional');
USE consultora;
INSERT INTO Equipo(id_equipo, n_integrantes, nombre, area) VALUES ('d0ec3ed8-5bf1-45ff-b76d-0665af2fc97e', '7', 'Quantum Squad', 'Estrategias de Negocios Internacionales');
USE consultora;
INSERT INTO Equipo(id_equipo, n_integrantes, nombre, area) VALUES ('948e6d36-b660-4d3f-8c27-02ca8cacd8e1', '4', 'Data Mavericks', 'Gestión de Proyectos');
USE consultora;
INSERT INTO Equipo(id_equipo, n_integrantes, nombre, area) VALUES ('1de08db8-0458-471b-bc20-58a3fc38fe9b', '5', 'Tech Explorers', 'Ciberseguridad');
USE consultora;
INSERT INTO Equipo(id_equipo, n_integrantes, nombre, area) VALUES ('1b4c3bd9-3e9e-42fb-833a-febc8cb05ab1', '8', 'Code Wizards', 'Gestión de Proyectos');
USE consultora;
INSERT INTO Equipo(id_equipo, n_integrantes, nombre, area) VALUES ('5e57205d-3080-4713-ae4a-07dc3a38f613', '8', 'Ingeniería del Futuro', 'Consultoría en Salud y Bienestar Laboral');
USE consultora;
INSERT INTO Equipo(id_equipo, n_integrantes, nombre, area) VALUES ('f7e975a3-3c3b-4473-92c6-ae1b7045ecaa', '10', 'Digital Pioneers', 'Consultoría Legal y Regulatoria');
USE consultora;
INSERT INTO Equipo(id_equipo, n_integrantes, nombre, area) VALUES ('ff82abb7-dbfc-4c10-b346-04ab0bc5344b', '10', 'Tech Titans', 'Gestión del Cambio');
USE consultora;
INSERT INTO Equipo(id_equipo, n_integrantes, nombre, area) VALUES ('e23c1625-f72c-4162-a663-357433127df3', '7', 'Byte Benders', 'Marketing Digital');
USE consultora;
INSERT INTO Equipo(id_equipo, n_integrantes, nombre, area) VALUES ('5f543b3d-0c5b-497a-b54c-5f6a265fa211', '10', 'Data Dynamos', 'Gestión de Proyectos');
USE consultora;
INSERT INTO Equipo(id_equipo, n_integrantes, nombre, area) VALUES ('e92450bd-22fb-4b02-97c5-b0364f16b62b', '8', 'InnoVision Team', 'Gestión de Proyectos');
USE consultora;
INSERT INTO Equipo(id_equipo, n_integrantes, nombre, area) VALUES ('6c3f01c9-7d68-4428-9fd4-3c45907a827c', '4', 'CodeCrafters', 'Recursos Humanos');
USE consultora;
INSERT INTO Equipo(id_equipo, n_integrantes, nombre, area) VALUES ('bc744bcc-6f89-4fcf-9337-04a4e26012ba', '4', 'NubeXplorers', 'Analítica y Ciencia de Datos');
USE consultora;
INSERT INTO Equipo(id_equipo, n_integrantes, nombre, area) VALUES ('4eb7b19e-2d5b-4b69-9502-0e6dae0685b7', '4', 'AI Avengers', 'Gestión del Cambio');
USE consultora;
INSERT INTO Equipo(id_equipo, n_integrantes, nombre, area) VALUES ('9e1f16ae-8fbb-4166-9286-6ff2a86192ec', '8', 'Robotics R&D Crew', 'Optimización de Procesos');
USE consultora;
INSERT INTO Equipo(id_equipo, n_integrantes, nombre, area) VALUES ('39f84387-f8db-4805-83ad-9be741df9f97', '5', 'Tech Fusion', 'Consultoría Estratégica');
USE consultora;
INSERT INTO Equipo(id_equipo, n_integrantes, nombre, area) VALUES ('bde25be8-26c7-4dbe-8738-d2dbb9038e4b', '9', 'EcoInnovators', 'Ciberseguridad');
USE consultora;
INSERT INTO Equipo(id_equipo, n_integrantes, nombre, area) VALUES ('9bad9ed6-36b5-47aa-8084-fe925f59843f', '4', 'CyberGuardians', 'Optimización de Procesos');
USE consultora;
INSERT INTO Equipo(id_equipo, n_integrantes, nombre, area) VALUES ('fadf8d3f-af3d-4253-a06e-0365c0fe580d', '7', 'Smart Creators', 'Gestión de Proyectos');
USE consultora;
INSERT INTO Equipo(id_equipo, n_integrantes, nombre, area) VALUES ('07e9819e-1a39-48cf-860a-2db6421a8edd', '7', 'Infinite Loopers', 'Consultoría en Salud y Bienestar Laboral');
USE consultora;
INSERT INTO Equipo(id_equipo, n_integrantes, nombre, area) VALUES ('b2f7b15b-1eb8-4788-a5f6-3e00c90764c6', '5', 'TechNinjas', 'Ingeniería de Datos');
USE consultora;
INSERT INTO Equipo(id_equipo, n_integrantes, nombre, area) VALUES ('2127da32-6e9e-443d-8882-26f7aaf8a149', '6', 'Quantum Quotients', 'Analítica y Ciencia de Datos');
USE consultora;
INSERT INTO Equipo(id_equipo, n_integrantes, nombre, area) VALUES ('8a1b4201-e234-43dc-b2c6-92cbdddc34fa', '8', 'CodeStorm Team', 'Estrategias de Negocios Internacionales');
USE consultora;
INSERT INTO Proyecto(id_proyecto, nombre, fecha_solic, fecha_estim, presupuesto) VALUES ('791821b4-1f59-496f-b506-732bdb122c8b','Proyecto Quantum', '2023-03-06 00:00:00', '2024-01-13 00:00:00','8597');
USE consultora;
INSERT INTO Proyecto(id_proyecto, nombre, fecha_solic, fecha_estim, presupuesto) VALUES ('2f6011b8-dc4e-4387-b313-7549246413c7','Innovación Digital', '2022-05-23 00:00:00', '2022-10-13 00:00:00','39775');
USE consultora;
INSERT INTO Proyecto(id_proyecto, nombre, fecha_solic, fecha_estim, presupuesto) VALUES ('94ca75a2-13b6-4db9-b445-93d043e08f58','Sistema Inteligente de Gestión', '2023-10-05 00:00:00', '2023-11-07 00:00:00','31984');
USE consultora;
INSERT INTO Proyecto(id_proyecto, nombre, fecha_solic, fecha_estim, presupuesto) VALUES ('da5c338e-e526-4bd3-beea-6e70ddc92e7c','Plataforma de Realidad Virtual', '2023-09-28 00:00:00', '2022-08-22 00:00:00','13901');
USE consultora;
INSERT INTO Proyecto(id_proyecto, nombre, fecha_solic, fecha_estim, presupuesto) VALUES ('3c6a0ace-2caa-40d7-be60-ab1903aeee8f','Redes Cibernéticas Avanzadas', '2023-02-24 00:00:00', '2023-06-11 00:00:00','16869');
USE consultora;
INSERT INTO Proyecto(id_proyecto, nombre, fecha_solic, fecha_estim, presupuesto) VALUES ('9340c85f-2af2-40a3-9ed2-7381b33bc82d','Proyecto Aurora', '2023-05-23 00:00:00', '2023-05-01 00:00:00','33906');
USE consultora;
INSERT INTO Proyecto(id_proyecto, nombre, fecha_solic, fecha_estim, presupuesto) VALUES ('574779e0-dbe9-49a4-a413-90d3106b29b8','Automatización Total', '2022-05-22 00:00:00', '2023-09-24 00:00:00','39663');
USE consultora;
INSERT INTO Proyecto(id_proyecto, nombre, fecha_solic, fecha_estim, presupuesto) VALUES ('6be84a75-ad17-4793-880d-5adef17b05fb','Ecosistema Blockchain', '2023-05-23 00:00:00', '2023-03-14 00:00:00','42274');
USE consultora;
INSERT INTO Proyecto(id_proyecto, nombre, fecha_solic, fecha_estim, presupuesto) VALUES ('66d25f78-c5e6-4b4f-8aec-f489ab520e13','Ingeniería de Datos en Tiempo Real', '2022-04-28 00:00:00', '2023-12-22 00:00:00','19711');
USE consultora;
INSERT INTO Proyecto(id_proyecto, nombre, fecha_solic, fecha_estim, presupuesto) VALUES ('67f3bb65-b895-49ed-b3e1-aef32be569cf','Proyecto Helix: Genómica Avanzada', '2023-11-24 00:00:00', '2023-06-21 00:00:00','28188');
USE consultora;
INSERT INTO Proyecto(id_proyecto, nombre, fecha_solic, fecha_estim, presupuesto) VALUES ('02bf9213-9d43-43d3-b6b8-49413a58c0f7','Sistema de Seguridad Bioinformática', '2023-06-24 00:00:00', '2024-01-18 00:00:00','19061');
USE consultora;
INSERT INTO Proyecto(id_proyecto, nombre, fecha_solic, fecha_estim, presupuesto) VALUES ('1aecd9e6-e283-4c73-95b2-fa8b6eb998df','Desarrollo de Drones Autónomos', '2022-04-07 00:00:00', '2023-06-22 00:00:00','42200');
USE consultora;
INSERT INTO Proyecto(id_proyecto, nombre, fecha_solic, fecha_estim, presupuesto) VALUES ('614b6a68-3d70-49a9-8977-aa6e91a9cd99','Plataforma de Aprendizaje Automático', '2023-04-14 00:00:00', '2023-08-14 00:00:00','48340');
USE consultora;
INSERT INTO Proyecto(id_proyecto, nombre, fecha_solic, fecha_estim, presupuesto) VALUES ('a4d59cf6-4df2-47cf-ad9e-00240151c9bc','Red de Energía Renovable', '2022-08-20 00:00:00', '2023-06-04 00:00:00','28423');
USE consultora;
INSERT INTO Proyecto(id_proyecto, nombre, fecha_solic, fecha_estim, presupuesto) VALUES ('eb7f5fb9-5621-4656-a0d9-15923377b98d','Proyecto Nebula: Exploración Espacial', '2023-01-13 00:00:00', '2023-11-26 00:00:00','26151');
USE consultora;
INSERT INTO Proyecto(id_proyecto, nombre, fecha_solic, fecha_estim, presupuesto) VALUES ('a6bc688f-965a-4200-8268-486518262a3c','Simulador Cuántico', '2023-01-03 00:00:00', '2022-07-15 00:00:00','40354');
USE consultora;
INSERT INTO Proyecto(id_proyecto, nombre, fecha_solic, fecha_estim, presupuesto) VALUES ('c3c45027-b860-4bb4-ac42-d8af1da02520','Internet de las Cosas Industrial', '2022-02-24 00:00:00', '2022-08-08 00:00:00','25906');
USE consultora;
INSERT INTO Proyecto(id_proyecto, nombre, fecha_solic, fecha_estim, presupuesto) VALUES ('cbfb469b-6422-4d88-8a8e-6658a304b9b7','Sistema de Procesamiento de Lenguaje Natural', '2023-04-18 00:00:00', '2023-05-18 00:00:00','23391');
USE consultora;
INSERT INTO Proyecto(id_proyecto, nombre, fecha_solic, fecha_estim, presupuesto) VALUES ('a4ed5911-5ce4-4759-80e9-62a68a908f43','Plataforma de Servicios en la Nube', '2023-10-14 00:00:00', '2022-06-23 00:00:00','7878');
USE consultora;
INSERT INTO Proyecto(id_proyecto, nombre, fecha_solic, fecha_estim, presupuesto) VALUES ('41ad8835-5eba-4ae3-80e6-d057e871bb3d','Proyecto Cyberspace', '2022-05-17 00:00:00', '2023-11-14 00:00:00','41293');
USE consultora;
INSERT INTO Proyecto(id_proyecto, nombre, fecha_solic, fecha_estim, presupuesto) VALUES ('96cfe8fc-15d4-42a0-9e5a-6e75de88b5e3','Innovación en Movilidad Eléctrica', '2022-08-01 00:00:00', '2022-11-21 00:00:00','4831');
USE consultora;
INSERT INTO Proyecto(id_proyecto, nombre, fecha_solic, fecha_estim, presupuesto) VALUES ('e133a5ed-549c-46be-98a1-a5f1509dd12b','Inteligencia Artificial para la Salud', '2022-01-01 00:00:00', '2023-07-26 00:00:00','48917');
USE consultora;
INSERT INTO Proyecto(id_proyecto, nombre, fecha_solic, fecha_estim, presupuesto) VALUES ('f44e6a6a-f49f-4217-8a71-326569bf894b','Proyecto Synthetics: Desarrollo de Materiales', '2023-09-30 00:00:00', '2023-02-12 00:00:00','7807');
USE consultora;
INSERT INTO Proyecto(id_proyecto, nombre, fecha_solic, fecha_estim, presupuesto) VALUES ('3be5fdc7-8a65-4346-88af-838c06a649a6','Sistema de Monitorización Global', '2022-06-28 00:00:00', '2022-05-17 00:00:00','34302');
USE consultora;
INSERT INTO Proyecto(id_proyecto, nombre, fecha_solic, fecha_estim, presupuesto) VALUES ('015f43bc-75bc-4a35-b68f-84fab6dc76ab','Realidad Aumentada en Educación', '2023-11-18 00:00:00', '2022-10-27 00:00:00','49981');
USE consultora;
INSERT INTO Proyecto(id_proyecto, nombre, fecha_solic, fecha_estim, presupuesto) VALUES ('5a3e6971-9544-4562-87c1-3864de5278af','Proyecto Stellar: Exploración del Universo', '2023-11-23 00:00:00', '2022-04-14 00:00:00','16304');
USE consultora;
INSERT INTO Proyecto(id_proyecto, nombre, fecha_solic, fecha_estim, presupuesto) VALUES ('4e31e3b1-4293-4af2-8b86-e70ba85fef51','Ciencia de Datos Aplicada', '2023-02-08 00:00:00', '2022-12-01 00:00:00','30537');
USE consultora;
INSERT INTO Proyecto(id_proyecto, nombre, fecha_solic, fecha_estim, presupuesto) VALUES ('8826df68-3345-4722-bcad-62b102bef86f','Hologramas Interactivos', '2023-03-08 00:00:00', '2022-12-25 00:00:00','43903');
USE consultora;
INSERT INTO Proyecto(id_proyecto, nombre, fecha_solic, fecha_estim, presupuesto) VALUES ('71df4845-cdf2-4138-bbdb-0c64cac805b5','Plataforma de Telemedicina', '2023-07-27 00:00:00', '2023-06-11 00:00:00','15066');
USE consultora;
INSERT INTO Proyecto(id_proyecto, nombre, fecha_solic, fecha_estim, presupuesto) VALUES ('03dded4c-8df5-45c3-b765-a7deda06d492','Innovación en Energía Solar', '2022-12-12 00:00:00', '2023-11-28 00:00:00','1210');
USE consultora;
INSERT INTO proyectos_por_equipo(id_proyecto, id_equipo) VALUES ('791821b4-1f59-496f-b506-732bdb122c8b', '5f543b3d-0c5b-497a-b54c-5f6a265fa211');
USE consultora;
INSERT INTO proyectos_por_equipo(id_proyecto, id_equipo) VALUES ('791821b4-1f59-496f-b506-732bdb122c8b', '9bad9ed6-36b5-47aa-8084-fe925f59843f');
USE consultora;
INSERT INTO proyectos_por_equipo(id_proyecto, id_equipo) VALUES ('2f6011b8-dc4e-4387-b313-7549246413c7', '4eb7b19e-2d5b-4b69-9502-0e6dae0685b7');
USE consultora;
INSERT INTO proyectos_por_equipo(id_proyecto, id_equipo) VALUES ('94ca75a2-13b6-4db9-b445-93d043e08f58', '1de08db8-0458-471b-bc20-58a3fc38fe9b');
USE consultora;
INSERT INTO proyectos_por_equipo(id_proyecto, id_equipo) VALUES ('da5c338e-e526-4bd3-beea-6e70ddc92e7c', '5f543b3d-0c5b-497a-b54c-5f6a265fa211');
USE consultora;
INSERT INTO proyectos_por_equipo(id_proyecto, id_equipo) VALUES ('da5c338e-e526-4bd3-beea-6e70ddc92e7c', 'bc744bcc-6f89-4fcf-9337-04a4e26012ba');
USE consultora;
INSERT INTO proyectos_por_equipo(id_proyecto, id_equipo) VALUES ('3c6a0ace-2caa-40d7-be60-ab1903aeee8f', '6c3f01c9-7d68-4428-9fd4-3c45907a827c');
USE consultora;
INSERT INTO proyectos_por_equipo(id_proyecto, id_equipo) VALUES ('9340c85f-2af2-40a3-9ed2-7381b33bc82d', '4eb7b19e-2d5b-4b69-9502-0e6dae0685b7');
USE consultora;
INSERT INTO proyectos_por_equipo(id_proyecto, id_equipo) VALUES ('9340c85f-2af2-40a3-9ed2-7381b33bc82d', '1b4c3bd9-3e9e-42fb-833a-febc8cb05ab1');
USE consultora;
INSERT INTO proyectos_por_equipo(id_proyecto, id_equipo) VALUES ('574779e0-dbe9-49a4-a413-90d3106b29b8', '9bad9ed6-36b5-47aa-8084-fe925f59843f');
USE consultora;
INSERT INTO proyectos_por_equipo(id_proyecto, id_equipo) VALUES ('6be84a75-ad17-4793-880d-5adef17b05fb', '5e57205d-3080-4713-ae4a-07dc3a38f613');
USE consultora;
INSERT INTO proyectos_por_equipo(id_proyecto, id_equipo) VALUES ('6be84a75-ad17-4793-880d-5adef17b05fb', '6c3f01c9-7d68-4428-9fd4-3c45907a827c');
USE consultora;
INSERT INTO proyectos_por_equipo(id_proyecto, id_equipo) VALUES ('6be84a75-ad17-4793-880d-5adef17b05fb', 'b2f7b15b-1eb8-4788-a5f6-3e00c90764c6');
USE consultora;
INSERT INTO proyectos_por_equipo(id_proyecto, id_equipo) VALUES ('66d25f78-c5e6-4b4f-8aec-f489ab520e13', '39f84387-f8db-4805-83ad-9be741df9f97');
USE consultora;
INSERT INTO proyectos_por_equipo(id_proyecto, id_equipo) VALUES ('67f3bb65-b895-49ed-b3e1-aef32be569cf', '5e57205d-3080-4713-ae4a-07dc3a38f613');
USE consultora;
INSERT INTO proyectos_por_equipo(id_proyecto, id_equipo) VALUES ('02bf9213-9d43-43d3-b6b8-49413a58c0f7', '9bad9ed6-36b5-47aa-8084-fe925f59843f');
USE consultora;
INSERT INTO proyectos_por_equipo(id_proyecto, id_equipo) VALUES ('02bf9213-9d43-43d3-b6b8-49413a58c0f7', '4eb7b19e-2d5b-4b69-9502-0e6dae0685b7');
USE consultora;
INSERT INTO proyectos_por_equipo(id_proyecto, id_equipo) VALUES ('02bf9213-9d43-43d3-b6b8-49413a58c0f7', '2127da32-6e9e-443d-8882-26f7aaf8a149');
USE consultora;
INSERT INTO proyectos_por_equipo(id_proyecto, id_equipo) VALUES ('1aecd9e6-e283-4c73-95b2-fa8b6eb998df', 'bde25be8-26c7-4dbe-8738-d2dbb9038e4b');
USE consultora;
INSERT INTO proyectos_por_equipo(id_proyecto, id_equipo) VALUES ('1aecd9e6-e283-4c73-95b2-fa8b6eb998df', '5e57205d-3080-4713-ae4a-07dc3a38f613');
USE consultora;
INSERT INTO proyectos_por_equipo(id_proyecto, id_equipo) VALUES ('614b6a68-3d70-49a9-8977-aa6e91a9cd99', '8a1b4201-e234-43dc-b2c6-92cbdddc34fa');
USE consultora;
INSERT INTO proyectos_por_equipo(id_proyecto, id_equipo) VALUES ('614b6a68-3d70-49a9-8977-aa6e91a9cd99', '9bad9ed6-36b5-47aa-8084-fe925f59843f');
USE consultora;
INSERT INTO proyectos_por_equipo(id_proyecto, id_equipo) VALUES ('a4d59cf6-4df2-47cf-ad9e-00240151c9bc', '1b4c3bd9-3e9e-42fb-833a-febc8cb05ab1');
USE consultora;
INSERT INTO proyectos_por_equipo(id_proyecto, id_equipo) VALUES ('a4d59cf6-4df2-47cf-ad9e-00240151c9bc', '84503d48-cb0c-4df3-9f76-70f5876604ae');
USE consultora;
INSERT INTO proyectos_por_equipo(id_proyecto, id_equipo) VALUES ('a4d59cf6-4df2-47cf-ad9e-00240151c9bc', '948e6d36-b660-4d3f-8c27-02ca8cacd8e1');
USE consultora;
INSERT INTO proyectos_por_equipo(id_proyecto, id_equipo) VALUES ('eb7f5fb9-5621-4656-a0d9-15923377b98d', 'e92450bd-22fb-4b02-97c5-b0364f16b62b');
USE consultora;
INSERT INTO proyectos_por_equipo(id_proyecto, id_equipo) VALUES ('a6bc688f-965a-4200-8268-486518262a3c', 'bc744bcc-6f89-4fcf-9337-04a4e26012ba');
USE consultora;
INSERT INTO proyectos_por_equipo(id_proyecto, id_equipo) VALUES ('a6bc688f-965a-4200-8268-486518262a3c', '8a1b4201-e234-43dc-b2c6-92cbdddc34fa');
USE consultora;
INSERT INTO proyectos_por_equipo(id_proyecto, id_equipo) VALUES ('a6bc688f-965a-4200-8268-486518262a3c', '1b4c3bd9-3e9e-42fb-833a-febc8cb05ab1');
USE consultora;
INSERT INTO proyectos_por_equipo(id_proyecto, id_equipo) VALUES ('c3c45027-b860-4bb4-ac42-d8af1da02520', 'bc744bcc-6f89-4fcf-9337-04a4e26012ba');
USE consultora;
INSERT INTO proyectos_por_equipo(id_proyecto, id_equipo) VALUES ('c3c45027-b860-4bb4-ac42-d8af1da02520', '5f543b3d-0c5b-497a-b54c-5f6a265fa211');
USE consultora;
INSERT INTO proyectos_por_equipo(id_proyecto, id_equipo) VALUES ('c3c45027-b860-4bb4-ac42-d8af1da02520', '9bad9ed6-36b5-47aa-8084-fe925f59843f');
USE consultora;
INSERT INTO proyectos_por_equipo(id_proyecto, id_equipo) VALUES ('cbfb469b-6422-4d88-8a8e-6658a304b9b7', 'd0ec3ed8-5bf1-45ff-b76d-0665af2fc97e');
USE consultora;
INSERT INTO proyectos_por_equipo(id_proyecto, id_equipo) VALUES ('cbfb469b-6422-4d88-8a8e-6658a304b9b7', '1b4c3bd9-3e9e-42fb-833a-febc8cb05ab1');
USE consultora;
INSERT INTO proyectos_por_equipo(id_proyecto, id_equipo) VALUES ('a4ed5911-5ce4-4759-80e9-62a68a908f43', '4eb7b19e-2d5b-4b69-9502-0e6dae0685b7');
USE consultora;
INSERT INTO proyectos_por_equipo(id_proyecto, id_equipo) VALUES ('41ad8835-5eba-4ae3-80e6-d057e871bb3d', '39f84387-f8db-4805-83ad-9be741df9f97');
USE consultora;
INSERT INTO proyectos_por_equipo(id_proyecto, id_equipo) VALUES ('41ad8835-5eba-4ae3-80e6-d057e871bb3d', '9e1f16ae-8fbb-4166-9286-6ff2a86192ec');
USE consultora;
INSERT INTO proyectos_por_equipo(id_proyecto, id_equipo) VALUES ('96cfe8fc-15d4-42a0-9e5a-6e75de88b5e3', '5f543b3d-0c5b-497a-b54c-5f6a265fa211');
USE consultora;
INSERT INTO proyectos_por_equipo(id_proyecto, id_equipo) VALUES ('e133a5ed-549c-46be-98a1-a5f1509dd12b', '948e6d36-b660-4d3f-8c27-02ca8cacd8e1');
USE consultora;
INSERT INTO proyectos_por_equipo(id_proyecto, id_equipo) VALUES ('e133a5ed-549c-46be-98a1-a5f1509dd12b', 'a65c0491-2aa0-41eb-a95c-29c7b4701a14');
USE consultora;
INSERT INTO proyectos_por_equipo(id_proyecto, id_equipo) VALUES ('f44e6a6a-f49f-4217-8a71-326569bf894b', '39f84387-f8db-4805-83ad-9be741df9f97');
USE consultora;
INSERT INTO proyectos_por_equipo(id_proyecto, id_equipo) VALUES ('3be5fdc7-8a65-4346-88af-838c06a649a6', '07e9819e-1a39-48cf-860a-2db6421a8edd');
USE consultora;
INSERT INTO proyectos_por_equipo(id_proyecto, id_equipo) VALUES ('015f43bc-75bc-4a35-b68f-84fab6dc76ab', 'bc744bcc-6f89-4fcf-9337-04a4e26012ba');
USE consultora;
INSERT INTO proyectos_por_equipo(id_proyecto, id_equipo) VALUES ('015f43bc-75bc-4a35-b68f-84fab6dc76ab', 'e92450bd-22fb-4b02-97c5-b0364f16b62b');
USE consultora;
INSERT INTO proyectos_por_equipo(id_proyecto, id_equipo) VALUES ('5a3e6971-9544-4562-87c1-3864de5278af', '8a1b4201-e234-43dc-b2c6-92cbdddc34fa');
USE consultora;
INSERT INTO proyectos_por_equipo(id_proyecto, id_equipo) VALUES ('5a3e6971-9544-4562-87c1-3864de5278af', '9e1f16ae-8fbb-4166-9286-6ff2a86192ec');
USE consultora;
INSERT INTO proyectos_por_equipo(id_proyecto, id_equipo) VALUES ('5a3e6971-9544-4562-87c1-3864de5278af', '84503d48-cb0c-4df3-9f76-70f5876604ae');
USE consultora;
INSERT INTO proyectos_por_equipo(id_proyecto, id_equipo) VALUES ('4e31e3b1-4293-4af2-8b86-e70ba85fef51', 'b2f7b15b-1eb8-4788-a5f6-3e00c90764c6');
USE consultora;
INSERT INTO proyectos_por_equipo(id_proyecto, id_equipo) VALUES ('4e31e3b1-4293-4af2-8b86-e70ba85fef51', '2127da32-6e9e-443d-8882-26f7aaf8a149');
USE consultora;
INSERT INTO proyectos_por_equipo(id_proyecto, id_equipo) VALUES ('4e31e3b1-4293-4af2-8b86-e70ba85fef51', '5e57205d-3080-4713-ae4a-07dc3a38f613');
USE consultora;
INSERT INTO proyectos_por_equipo(id_proyecto, id_equipo) VALUES ('8826df68-3345-4722-bcad-62b102bef86f', 'bde25be8-26c7-4dbe-8738-d2dbb9038e4b');
USE consultora;
INSERT INTO proyectos_por_equipo(id_proyecto, id_equipo) VALUES ('8826df68-3345-4722-bcad-62b102bef86f', '6c3f01c9-7d68-4428-9fd4-3c45907a827c');
USE consultora;
INSERT INTO proyectos_por_equipo(id_proyecto, id_equipo) VALUES ('8826df68-3345-4722-bcad-62b102bef86f', 'e23c1625-f72c-4162-a663-357433127df3');
USE consultora;
INSERT INTO proyectos_por_equipo(id_proyecto, id_equipo) VALUES ('71df4845-cdf2-4138-bbdb-0c64cac805b5', 'ff82abb7-dbfc-4c10-b346-04ab0bc5344b');
USE consultora;
INSERT INTO proyectos_por_equipo(id_proyecto, id_equipo) VALUES ('03dded4c-8df5-45c3-b765-a7deda06d492', '1de08db8-0458-471b-bc20-58a3fc38fe9b');
USE consultora;
INSERT INTO proyectos_por_equipo(id_proyecto, id_equipo) VALUES ('03dded4c-8df5-45c3-b765-a7deda06d492', 'e92450bd-22fb-4b02-97c5-b0364f16b62b');
USE consultora;
INSERT INTO proyectos_por_cliente(cuil_cuit, id_proyecto) VALUES (99079748089, '791821b4-1f59-496f-b506-732bdb122c8b');
USE consultora;
INSERT INTO proyectos_por_cliente(cuil_cuit, id_proyecto) VALUES (17479885902, '2f6011b8-dc4e-4387-b313-7549246413c7');
USE consultora;
INSERT INTO proyectos_por_cliente(cuil_cuit, id_proyecto) VALUES (88485663680, '94ca75a2-13b6-4db9-b445-93d043e08f58');
USE consultora;
INSERT INTO proyectos_por_cliente(cuil_cuit, id_proyecto) VALUES (90892059772, 'da5c338e-e526-4bd3-beea-6e70ddc92e7c');
USE consultora;
INSERT INTO proyectos_por_cliente(cuil_cuit, id_proyecto) VALUES (73422079668, '3c6a0ace-2caa-40d7-be60-ab1903aeee8f');
USE consultora;
INSERT INTO proyectos_por_cliente(cuil_cuit, id_proyecto) VALUES (58374287872, '9340c85f-2af2-40a3-9ed2-7381b33bc82d');
USE consultora;
INSERT INTO proyectos_por_cliente(cuil_cuit, id_proyecto) VALUES (27118236988, '574779e0-dbe9-49a4-a413-90d3106b29b8');
USE consultora;
INSERT INTO proyectos_por_cliente(cuil_cuit, id_proyecto) VALUES (30431706863, '6be84a75-ad17-4793-880d-5adef17b05fb');
USE consultora;
INSERT INTO proyectos_por_cliente(cuil_cuit, id_proyecto) VALUES (12030440268, '66d25f78-c5e6-4b4f-8aec-f489ab520e13');
USE consultora;
INSERT INTO proyectos_por_cliente(cuil_cuit, id_proyecto) VALUES (99771219108, '67f3bb65-b895-49ed-b3e1-aef32be569cf');
USE consultora;
INSERT INTO proyectos_por_cliente(cuil_cuit, id_proyecto) VALUES (26925170418, '02bf9213-9d43-43d3-b6b8-49413a58c0f7');
USE consultora;
INSERT INTO proyectos_por_cliente(cuil_cuit, id_proyecto) VALUES (47132091536, '1aecd9e6-e283-4c73-95b2-fa8b6eb998df');
USE consultora;
INSERT INTO proyectos_por_cliente(cuil_cuit, id_proyecto) VALUES (97549328736, '614b6a68-3d70-49a9-8977-aa6e91a9cd99');
USE consultora;
INSERT INTO proyectos_por_cliente(cuil_cuit, id_proyecto) VALUES (24079853842, 'a4d59cf6-4df2-47cf-ad9e-00240151c9bc');
USE consultora;
INSERT INTO proyectos_por_cliente(cuil_cuit, id_proyecto) VALUES (77773333735, 'eb7f5fb9-5621-4656-a0d9-15923377b98d');
USE consultora;
INSERT INTO proyectos_por_cliente(cuil_cuit, id_proyecto) VALUES (58129109364, 'a6bc688f-965a-4200-8268-486518262a3c');
USE consultora;
INSERT INTO proyectos_por_cliente(cuil_cuit, id_proyecto) VALUES (17660987151, 'c3c45027-b860-4bb4-ac42-d8af1da02520');
USE consultora;
INSERT INTO proyectos_por_cliente(cuil_cuit, id_proyecto) VALUES (59242807612, 'cbfb469b-6422-4d88-8a8e-6658a304b9b7');
USE consultora;
INSERT INTO proyectos_por_cliente(cuil_cuit, id_proyecto) VALUES (26243658694, 'a4ed5911-5ce4-4759-80e9-62a68a908f43');
USE consultora;
INSERT INTO proyectos_por_cliente(cuil_cuit, id_proyecto) VALUES (41583783941, '41ad8835-5eba-4ae3-80e6-d057e871bb3d');
USE consultora;
INSERT INTO proyectos_por_cliente(cuil_cuit, id_proyecto) VALUES (68591829672, '96cfe8fc-15d4-42a0-9e5a-6e75de88b5e3');
USE consultora;
INSERT INTO proyectos_por_cliente(cuil_cuit, id_proyecto) VALUES (68849347320, 'e133a5ed-549c-46be-98a1-a5f1509dd12b');
USE consultora;
INSERT INTO proyectos_por_cliente(cuil_cuit, id_proyecto) VALUES (84079704708, 'f44e6a6a-f49f-4217-8a71-326569bf894b');
USE consultora;
INSERT INTO proyectos_por_cliente(cuil_cuit, id_proyecto) VALUES (92877906835, '3be5fdc7-8a65-4346-88af-838c06a649a6');
USE consultora;
INSERT INTO proyectos_por_cliente(cuil_cuit, id_proyecto) VALUES (74894215668, '015f43bc-75bc-4a35-b68f-84fab6dc76ab');
USE consultora;
INSERT INTO tecnologia(id_tecnologia, nombre, demanda_mercado) VALUES ('69bf895d-3a92-410d-905c-99e4a836f825', 'Python', '7');
USE consultora;
INSERT INTO tecnologia(id_tecnologia, nombre, demanda_mercado) VALUES ('ea67f460-972f-4e52-ab17-0fd6a81811ac', 'JavaScript', '7');
USE consultora;
INSERT INTO tecnologia(id_tecnologia, nombre, demanda_mercado) VALUES ('32cf77d9-a873-4f98-ad05-fc10556732b7', 'Java', '6');
USE consultora;
INSERT INTO tecnologia(id_tecnologia, nombre, demanda_mercado) VALUES ('fdfca317-04b2-47c9-9684-bc06c80031e4', 'C#', '10');
USE consultora;
INSERT INTO tecnologia(id_tecnologia, nombre, demanda_mercado) VALUES ('48b9c347-81a0-404c-ba87-6e6e187a678e', 'C++', '6');
USE consultora;
INSERT INTO tecnologia(id_tecnologia, nombre, demanda_mercado) VALUES ('136956b5-460b-45b7-89ed-e3e4eabcad81', 'Ruby', '4');
USE consultora;
INSERT INTO tecnologia(id_tecnologia, nombre, demanda_mercado) VALUES ('2f706226-8013-4eff-801e-4ac2f7cb80fa', 'Swift', '9');
USE consultora;
INSERT INTO tecnologia(id_tecnologia, nombre, demanda_mercado) VALUES ('d148f3b3-c385-42af-bb49-ea5e7da991e8', 'Kotlin', '4');
USE consultora;
INSERT INTO tecnologia(id_tecnologia, nombre, demanda_mercado) VALUES ('8eb369b8-5130-4125-b345-b0f59e353289', 'Go', '1');
USE consultora;
INSERT INTO tecnologia(id_tecnologia, nombre, demanda_mercado) VALUES ('96cfd672-5ca0-4eb1-97c9-f2758d60956e', 'TypeScript', '8');
USE consultora;
INSERT INTO tecnologia(id_tecnologia, nombre, demanda_mercado) VALUES ('95b10b0c-aab3-4fd9-8176-8b4af1597373', 'PHP', '8');
USE consultora;
INSERT INTO tecnologia(id_tecnologia, nombre, demanda_mercado) VALUES ('6aff5709-becd-4ba5-9c61-1433478a3b8a', 'Rust', '1');
USE consultora;
INSERT INTO tecnologia(id_tecnologia, nombre, demanda_mercado) VALUES ('dc9353a2-909a-483c-8da8-08c502144559', 'Objective-C', '7');
USE consultora;
INSERT INTO tecnologia(id_tecnologia, nombre, demanda_mercado) VALUES ('aab5f98a-c1a8-414d-b9d9-3aa52fed1094', 'Scala', '1');
USE consultora;
INSERT INTO tecnologia(id_tecnologia, nombre, demanda_mercado) VALUES ('da096042-567f-4f18-9bb1-82e748695ff2', 'Haskell', '2');
USE consultora;
INSERT INTO tecnologia(id_tecnologia, nombre, demanda_mercado) VALUES ('ea597d7c-f137-4daa-9152-eaf733725604', 'Perl', '5');
USE consultora;
INSERT INTO tecnologia(id_tecnologia, nombre, demanda_mercado) VALUES ('2bbcf73e-5bdb-4b5a-9788-b33a5179600d', 'Shell Scripting', '9');
USE consultora;
INSERT INTO tecnologia(id_tecnologia, nombre, demanda_mercado) VALUES ('f3773396-1944-4b0f-8845-b7876606f07a', 'R', '2');
USE consultora;
INSERT INTO tecnologia(id_tecnologia, nombre, demanda_mercado) VALUES ('e1aa68ce-e480-4056-9ac1-4512b7a07036', 'Dart', '3');
USE consultora;
INSERT INTO tecnologia(id_tecnologia, nombre, demanda_mercado) VALUES ('6a686825-76db-48fc-8dce-027319137078', 'Lua', '10');
USE consultora;
INSERT INTO tecnologia(id_tecnologia, nombre, demanda_mercado) VALUES ('54c4a567-bd7f-4318-90a7-dc304554fb93', 'Groovy', '5');
USE consultora;
INSERT INTO tecnologia(id_tecnologia, nombre, demanda_mercado) VALUES ('372fd035-9668-401a-bf80-b442b6d9cb80', 'Clojure', '2');
USE consultora;
INSERT INTO tecnologia(id_tecnologia, nombre, demanda_mercado) VALUES ('348ca5cf-e1da-4044-9166-f89fe64aa16d', 'F#', '9');
USE consultora;
INSERT INTO tecnologia(id_tecnologia, nombre, demanda_mercado) VALUES ('bea05db4-2e4c-4b5d-82f8-c39c364d363e', 'HTML/CSS', '2');
USE consultora;
INSERT INTO tecnologia(id_tecnologia, nombre, demanda_mercado) VALUES ('2c06855b-85d6-45a3-a6a7-fcdb8ee86314', 'SQL', '3');
USE consultora;
INSERT INTO tecnologia(id_tecnologia, nombre, demanda_mercado) VALUES ('2c4bdad4-6705-4aec-ae52-cacfb409f4ff', 'Bash', '7');
USE consultora;
INSERT INTO tecnologia(id_tecnologia, nombre, demanda_mercado) VALUES ('fc6504b8-f517-4904-a381-346864f0a80c', 'Assembly', '6');
USE consultora;
INSERT INTO tecnologia(id_tecnologia, nombre, demanda_mercado) VALUES ('02d29c7e-2621-4ce6-83f3-24c64b928a04', 'VHDL', '3');
USE consultora;
INSERT INTO tecnologia(id_tecnologia, nombre, demanda_mercado) VALUES ('3e35a2fd-41e8-491b-95c5-42ef615b5688', 'Verilog', '4');
USE consultora;
INSERT INTO tecnologia(id_tecnologia, nombre, demanda_mercado) VALUES ('4297ea08-2673-4daf-b320-17ddd31d54b5', 'MATLAB', '6');
USE consultora;
INSERT INTO tecnologia(id_tecnologia, nombre, demanda_mercado) VALUES ('a97bceb1-2957-487b-a981-b4d5b5f8197b', 'Raspberry Pi', '8');
USE consultora;
INSERT INTO tecnologia(id_tecnologia, nombre, demanda_mercado) VALUES ('92e2c9ea-d914-49cc-9989-da0324cc109a', 'Arduino', '6');
USE consultora;
INSERT INTO tecnologia(id_tecnologia, nombre, demanda_mercado) VALUES ('14281cbe-bf31-4ec5-90be-42f6c1d8b6d7', 'React', '4');
USE consultora;
INSERT INTO tecnologia(id_tecnologia, nombre, demanda_mercado) VALUES ('5819e1c0-e587-417e-aa6e-973eebe62830', 'Angular', '2');
USE consultora;
INSERT INTO tecnologia(id_tecnologia, nombre, demanda_mercado) VALUES ('61c886b7-d4af-49a8-80f1-31cb658505ff', 'Vue.js', '9');
USE consultora;
INSERT INTO tecnologia(id_tecnologia, nombre, demanda_mercado) VALUES ('86616150-5d87-4247-aa9d-02faabefe69c', 'Node.js', '7');
USE consultora;
INSERT INTO tecnologia(id_tecnologia, nombre, demanda_mercado) VALUES ('83701ab4-4406-4b8a-8952-2e7dede79a9b', 'Django', '8');
USE consultora;
INSERT INTO tecnologia(id_tecnologia, nombre, demanda_mercado) VALUES ('95abe701-27d9-4c41-ad8b-245f6a627558', 'Flask', '9');
USE consultora;
INSERT INTO tecnologia(id_tecnologia, nombre, demanda_mercado) VALUES ('ca592566-59d0-4674-ab45-522a5e20961e', 'Spring', '4');
USE consultora;
INSERT INTO tecnologia(id_tecnologia, nombre, demanda_mercado) VALUES ('06e7a76c-05bb-4b97-8daf-dd84bf9697d8', 'Express.js', '10');
USE consultora;
INSERT INTO tecnologia(id_tecnologia, nombre, demanda_mercado) VALUES ('e6764cbf-4774-4af2-b587-f58b2e2962a8', 'Ruby on Rails', '8');
USE consultora;
INSERT INTO tecnologia(id_tecnologia, nombre, demanda_mercado) VALUES ('3b327ac9-9a35-4f4a-8787-06be4604bc45', 'Laravel', '7');
USE consultora;
INSERT INTO tecnologias_por_empleado(id_empleado, id_tecnologia) VALUES ('9220fac1-7330-4640-a88b-096607fbd15b', '3e35a2fd-41e8-491b-95c5-42ef615b5688');
USE consultora;
INSERT INTO tecnologias_por_empleado(id_empleado, id_tecnologia) VALUES ('9220fac1-7330-4640-a88b-096607fbd15b', '69bf895d-3a92-410d-905c-99e4a836f825');
USE consultora;
INSERT INTO tecnologias_por_empleado(id_empleado, id_tecnologia) VALUES ('9220fac1-7330-4640-a88b-096607fbd15b', '2c06855b-85d6-45a3-a6a7-fcdb8ee86314');
USE consultora;
INSERT INTO tecnologias_por_empleado(id_empleado, id_tecnologia) VALUES ('bf385a6a-a9aa-49cb-953e-5f659211f6b6', '2f706226-8013-4eff-801e-4ac2f7cb80fa');
USE consultora;
INSERT INTO tecnologias_por_empleado(id_empleado, id_tecnologia) VALUES ('bf385a6a-a9aa-49cb-953e-5f659211f6b6', '96cfd672-5ca0-4eb1-97c9-f2758d60956e');
USE consultora;
INSERT INTO tecnologias_por_empleado(id_empleado, id_tecnologia) VALUES ('6ea21e69-19dc-42a1-afa6-39644f27f642', 'd148f3b3-c385-42af-bb49-ea5e7da991e8');
USE consultora;
INSERT INTO tecnologias_por_empleado(id_empleado, id_tecnologia) VALUES ('0f19274b-8a76-4f55-902c-350e18dc1c5a', 'ca592566-59d0-4674-ab45-522a5e20961e');
USE consultora;
INSERT INTO tecnologias_por_empleado(id_empleado, id_tecnologia) VALUES ('f4000952-c6d4-4f2d-8bcf-b43107c0f963', '4297ea08-2673-4daf-b320-17ddd31d54b5');
USE consultora;
INSERT INTO tecnologias_por_empleado(id_empleado, id_tecnologia) VALUES ('f4000952-c6d4-4f2d-8bcf-b43107c0f963', '6aff5709-becd-4ba5-9c61-1433478a3b8a');
USE consultora;
INSERT INTO tecnologias_por_empleado(id_empleado, id_tecnologia) VALUES ('f4000952-c6d4-4f2d-8bcf-b43107c0f963', '5819e1c0-e587-417e-aa6e-973eebe62830');
USE consultora;
INSERT INTO tecnologias_por_empleado(id_empleado, id_tecnologia) VALUES ('0d9f9e59-4273-4b23-9f9d-7b348e6b2a83', '69bf895d-3a92-410d-905c-99e4a836f825');
USE consultora;
INSERT INTO tecnologias_por_empleado(id_empleado, id_tecnologia) VALUES ('8ea424d7-4213-41ee-9de0-7cf6162db44e', '92e2c9ea-d914-49cc-9989-da0324cc109a');
USE consultora;
INSERT INTO tecnologias_por_empleado(id_empleado, id_tecnologia) VALUES ('8ea424d7-4213-41ee-9de0-7cf6162db44e', '2bbcf73e-5bdb-4b5a-9788-b33a5179600d');
USE consultora;
INSERT INTO tecnologias_por_empleado(id_empleado, id_tecnologia) VALUES ('8ea424d7-4213-41ee-9de0-7cf6162db44e', '83701ab4-4406-4b8a-8952-2e7dede79a9b');
USE consultora;
INSERT INTO tecnologias_por_empleado(id_empleado, id_tecnologia) VALUES ('b25834a7-9b1a-4702-9d89-f10f2396f39e', 'd148f3b3-c385-42af-bb49-ea5e7da991e8');
USE consultora;
INSERT INTO tecnologias_por_empleado(id_empleado, id_tecnologia) VALUES ('b25834a7-9b1a-4702-9d89-f10f2396f39e', '69bf895d-3a92-410d-905c-99e4a836f825');
USE consultora;
INSERT INTO tecnologias_por_empleado(id_empleado, id_tecnologia) VALUES ('790f8037-0a13-4e2d-9298-c22cf07e0ee5', '32cf77d9-a873-4f98-ad05-fc10556732b7');
USE consultora;
INSERT INTO tecnologias_por_empleado(id_empleado, id_tecnologia) VALUES ('7dc04761-5c3e-4c59-9ef1-f8728c3ef5d6', 'dc9353a2-909a-483c-8da8-08c502144559');
USE consultora;
INSERT INTO tecnologias_por_empleado(id_empleado, id_tecnologia) VALUES ('ec2a782a-6d40-4586-84b7-aa2e4c8eddda', 'a97bceb1-2957-487b-a981-b4d5b5f8197b');
USE consultora;
INSERT INTO tecnologias_por_empleado(id_empleado, id_tecnologia) VALUES ('ec2a782a-6d40-4586-84b7-aa2e4c8eddda', '4297ea08-2673-4daf-b320-17ddd31d54b5');
USE consultora;
INSERT INTO tecnologias_por_empleado(id_empleado, id_tecnologia) VALUES ('ec2a782a-6d40-4586-84b7-aa2e4c8eddda', 'fdfca317-04b2-47c9-9684-bc06c80031e4');
USE consultora;
INSERT INTO tecnologias_por_empleado(id_empleado, id_tecnologia) VALUES ('4b6b63c1-d74f-4f58-a14e-0039c251355a', '2c4bdad4-6705-4aec-ae52-cacfb409f4ff');
USE consultora;
INSERT INTO tecnologias_por_empleado(id_empleado, id_tecnologia) VALUES ('4b6b63c1-d74f-4f58-a14e-0039c251355a', 'bea05db4-2e4c-4b5d-82f8-c39c364d363e');
USE consultora;
INSERT INTO tecnologias_por_empleado(id_empleado, id_tecnologia) VALUES ('4b6b63c1-d74f-4f58-a14e-0039c251355a', '14281cbe-bf31-4ec5-90be-42f6c1d8b6d7');
USE consultora;
INSERT INTO tecnologias_por_empleado(id_empleado, id_tecnologia) VALUES ('410028d3-33a3-433b-b476-b14af2f8f1dc', '02d29c7e-2621-4ce6-83f3-24c64b928a04');
USE consultora;
INSERT INTO tecnologias_por_empleado(id_empleado, id_tecnologia) VALUES ('410028d3-33a3-433b-b476-b14af2f8f1dc', 'a97bceb1-2957-487b-a981-b4d5b5f8197b');
USE consultora;
INSERT INTO tecnologias_por_empleado(id_empleado, id_tecnologia) VALUES ('c73c9f8f-e26e-494b-b4e7-864f7bd17432', '61c886b7-d4af-49a8-80f1-31cb658505ff');
USE consultora;
INSERT INTO tecnologias_por_empleado(id_empleado, id_tecnologia) VALUES ('ea24800a-1146-451d-b899-0aed13fc2e30', '2c4bdad4-6705-4aec-ae52-cacfb409f4ff');
USE consultora;
INSERT INTO tecnologias_por_empleado(id_empleado, id_tecnologia) VALUES ('ea24800a-1146-451d-b899-0aed13fc2e30', '3e35a2fd-41e8-491b-95c5-42ef615b5688');
USE consultora;
INSERT INTO tecnologias_por_empleado(id_empleado, id_tecnologia) VALUES ('ea24800a-1146-451d-b899-0aed13fc2e30', 'f3773396-1944-4b0f-8845-b7876606f07a');
USE consultora;
INSERT INTO tecnologias_por_empleado(id_empleado, id_tecnologia) VALUES ('50219e6b-0bff-4f28-9a66-1d99ec9209f6', '3b327ac9-9a35-4f4a-8787-06be4604bc45');
USE consultora;
INSERT INTO tecnologias_por_empleado(id_empleado, id_tecnologia) VALUES ('50219e6b-0bff-4f28-9a66-1d99ec9209f6', '95b10b0c-aab3-4fd9-8176-8b4af1597373');
USE consultora;
INSERT INTO tecnologias_por_empleado(id_empleado, id_tecnologia) VALUES ('50219e6b-0bff-4f28-9a66-1d99ec9209f6', '48b9c347-81a0-404c-ba87-6e6e187a678e');
USE consultora;
INSERT INTO tecnologias_por_empleado(id_empleado, id_tecnologia) VALUES ('2d3a6d8c-f9b7-4691-bdb1-2b367f28d230', '96cfd672-5ca0-4eb1-97c9-f2758d60956e');
USE consultora;
INSERT INTO tecnologias_por_empleado(id_empleado, id_tecnologia) VALUES ('b0c01955-0078-4bdd-830f-d764a4ab7780', '348ca5cf-e1da-4044-9166-f89fe64aa16d');
USE consultora;
INSERT INTO tecnologias_por_empleado(id_empleado, id_tecnologia) VALUES ('32bed4dd-c71e-46bc-9a4f-ca87d5777232', '95abe701-27d9-4c41-ad8b-245f6a627558');
USE consultora;
INSERT INTO tecnologias_por_empleado(id_empleado, id_tecnologia) VALUES ('32bed4dd-c71e-46bc-9a4f-ca87d5777232', '136956b5-460b-45b7-89ed-e3e4eabcad81');
USE consultora;
INSERT INTO tecnologias_por_empleado(id_empleado, id_tecnologia) VALUES ('960bef68-3936-4e0d-a612-1d7c1d6ef93d', 'fc6504b8-f517-4904-a381-346864f0a80c');
USE consultora;
INSERT INTO tecnologias_por_empleado(id_empleado, id_tecnologia) VALUES ('57e108ec-c5e5-453b-a3ee-9e51f463f8ee', '61c886b7-d4af-49a8-80f1-31cb658505ff');
USE consultora;
INSERT INTO tecnologias_por_empleado(id_empleado, id_tecnologia) VALUES ('c7b22b2d-b433-488c-9b85-65ddf56c56d2', '3e35a2fd-41e8-491b-95c5-42ef615b5688');
USE consultora;
INSERT INTO tecnologias_por_empleado(id_empleado, id_tecnologia) VALUES ('c7b22b2d-b433-488c-9b85-65ddf56c56d2', 'd148f3b3-c385-42af-bb49-ea5e7da991e8');
USE consultora;
INSERT INTO tecnologias_por_empleado(id_empleado, id_tecnologia) VALUES ('c7b22b2d-b433-488c-9b85-65ddf56c56d2', '6aff5709-becd-4ba5-9c61-1433478a3b8a');
USE consultora;
INSERT INTO tecnologias_por_empleado(id_empleado, id_tecnologia) VALUES ('95044b3b-21ce-4cb0-b087-9a96b1d38bf0', '372fd035-9668-401a-bf80-b442b6d9cb80');
USE consultora;
INSERT INTO tecnologias_por_empleado(id_empleado, id_tecnologia) VALUES ('95044b3b-21ce-4cb0-b087-9a96b1d38bf0', '5819e1c0-e587-417e-aa6e-973eebe62830');
USE consultora;
INSERT INTO tecnologias_por_empleado(id_empleado, id_tecnologia) VALUES ('95044b3b-21ce-4cb0-b087-9a96b1d38bf0', '83701ab4-4406-4b8a-8952-2e7dede79a9b');
USE consultora;
INSERT INTO tecnologias_por_empleado(id_empleado, id_tecnologia) VALUES ('b18650da-9e7d-4968-aa2d-0ed8de1e0613', '3e35a2fd-41e8-491b-95c5-42ef615b5688');
USE consultora;
INSERT INTO tecnologias_por_empleado(id_empleado, id_tecnologia) VALUES ('b18650da-9e7d-4968-aa2d-0ed8de1e0613', 'ea597d7c-f137-4daa-9152-eaf733725604');
USE consultora;
INSERT INTO tecnologias_por_empleado(id_empleado, id_tecnologia) VALUES ('b18650da-9e7d-4968-aa2d-0ed8de1e0613', '3e35a2fd-41e8-491b-95c5-42ef615b5688');
